file,line,type,commit,author,date,time,timezone,datetime,depth,length
style.css,1,css,db1eccda,Ruben Melikyan,2025-01-10,21:27:16,-08:00,2025-01-10T21:27:16-08:00,0,4
style.css,2,css,db1eccda,Ruben Melikyan,2025-01-10,21:27:16,-08:00,2025-01-10T21:27:16-08:00,2,23
style.css,3,css,6da65d93,Ruben Melikyan,2025-01-16,15:54:00,-08:00,2025-01-16T15:54:00-08:00,2,15
style.css,4,css,eadf1c7d,Ruben Melikyan,2025-01-24,18:35:12,-08:00,2025-01-24T18:35:12-08:00,2,42
style.css,5,css,6da65d93,Ruben Melikyan,2025-01-16,15:54:00,-08:00,2025-01-16T15:54:00-08:00,2,11
style.css,6,css,1ab9ccff,Ruben Melikyan,2025-01-17,19:00:17,-08:00,2025-01-17T19:00:17-08:00,0,0
style.css,7,css,78b345f9,Ruben Melikyan,2025-01-16,16:15:11,-08:00,2025-01-16T16:15:11-08:00,0,0
style.css,8,css,1ab9ccff,Ruben Melikyan,2025-01-17,19:00:17,-08:00,2025-01-17T19:00:17-08:00,0,5
style.css,9,css,78b345f9,Ruben Melikyan,2025-01-16,16:15:11,-08:00,2025-01-16T16:15:11-08:00,2,31
style.css,10,css,eadf1c7d,Ruben Melikyan,2025-01-24,18:35:12,-08:00,2025-01-24T18:35:12-08:00,2,23
style.css,11,css,78b345f9,Ruben Melikyan,2025-01-16,16:15:11,-08:00,2025-01-16T16:15:11-08:00,0,0
style.css,12,css,78b345f9,Ruben Melikyan,2025-01-16,16:15:11,-08:00,2025-01-16T16:15:11-08:00,0,0
style.css,13,css,e55d81d0,Ruben Melikyan,2025-02-07,16:21:28,-08:00,2025-02-07T16:21:28-08:00,0,0
style.css,14,css,e55d81d0,Ruben Melikyan,2025-02-07,16:21:28,-08:00,2025-02-07T16:21:28-08:00,0,10
style.css,15,css,e55d81d0,Ruben Melikyan,2025-02-07,16:21:28,-08:00,2025-02-07T16:21:28-08:00,2,10
style.css,16,css,e55d81d0,Ruben Melikyan,2025-02-07,16:21:28,-08:00,2025-02-07T16:21:28-08:00,2,13
style.css,17,css,e55d81d0,Ruben Melikyan,2025-02-07,16:21:28,-08:00,2025-02-07T16:21:28-08:00,2,12
style.css,18,css,e55d81d0,Ruben Melikyan,2025-02-07,16:21:28,-08:00,2025-02-07T16:21:28-08:00,2,13
style.css,19,css,e55d81d0,Ruben Melikyan,2025-02-07,16:21:28,-08:00,2025-02-07T16:21:28-08:00,2,21
style.css,20,css,e55d81d0,Ruben Melikyan,2025-02-07,16:21:28,-08:00,2025-02-07T16:21:28-08:00,2,17
style.css,21,css,78b345f9,Ruben Melikyan,2025-01-16,16:15:11,-08:00,2025-01-16T16:15:11-08:00,0,0
style.css,22,css,78b345f9,Ruben Melikyan,2025-01-16,16:15:11,-08:00,2025-01-16T16:15:11-08:00,0,0
style.css,23,css,e55d81d0,Ruben Melikyan,2025-02-07,16:21:28,-08:00,2025-02-07T16:21:28-08:00,0,0
style.css,24,css,eadf1c7d,Ruben Melikyan,2025-01-24,18:35:12,-08:00,2025-01-24T18:35:12-08:00,0,3
style.css,25,css,78b345f9,Ruben Melikyan,2025-01-16,16:15:11,-08:00,2025-01-16T16:15:11-08:00,2,12
style.css,26,css,78b345f9,Ruben Melikyan,2025-01-16,16:15:11,-08:00,2025-01-16T16:15:11-08:00,2,22
style.css,27,css,eadf1c7d,Ruben Melikyan,2025-01-24,18:35:12,-08:00,2025-01-24T18:35:12-08:00,2,8
style.css,28,css,eadf1c7d,Ruben Melikyan,2025-01-24,18:35:12,-08:00,2025-01-24T18:35:12-08:00,2,14
style.css,29,css,eadf1c7d,Ruben Melikyan,2025-01-24,18:35:12,-08:00,2025-01-24T18:35:12-08:00,2,43
style.css,30,css,eadf1c7d,Ruben Melikyan,2025-01-24,18:35:12,-08:00,2025-01-24T18:35:12-08:00,2,39
style.css,31,css,78b345f9,Ruben Melikyan,2025-01-16,16:15:11,-08:00,2025-01-16T16:15:11-08:00,0,0
style.css,32,css,78b345f9,Ruben Melikyan,2025-01-16,16:15:11,-08:00,2025-01-16T16:15:11-08:00,0,0
style.css,33,css,78b345f9,Ruben Melikyan,2025-01-16,16:15:11,-08:00,2025-01-16T16:15:11-08:00,0,5
style.css,34,css,78b345f9,Ruben Melikyan,2025-01-16,16:15:11,-08:00,2025-01-16T16:15:11-08:00,2,20
style.css,35,css,78b345f9,Ruben Melikyan,2025-01-16,16:15:11,-08:00,2025-01-16T16:15:11-08:00,2,13
style.css,36,css,78b345f9,Ruben Melikyan,2025-01-16,16:15:11,-08:00,2025-01-16T16:15:11-08:00,2,17
style.css,37,css,78b345f9,Ruben Melikyan,2025-01-16,16:15:11,-08:00,2025-01-16T16:15:11-08:00,2,13
style.css,38,css,78b345f9,Ruben Melikyan,2025-01-16,16:15:11,-08:00,2025-01-16T16:15:11-08:00,2,31
style.css,39,css,78b345f9,Ruben Melikyan,2025-01-16,16:15:11,-08:00,2025-01-16T16:15:11-08:00,0,0
style.css,40,css,78b345f9,Ruben Melikyan,2025-01-16,16:15:11,-08:00,2025-01-16T16:15:11-08:00,0,0
style.css,41,css,78b345f9,Ruben Melikyan,2025-01-16,16:15:11,-08:00,2025-01-16T16:15:11-08:00,0,13
style.css,42,css,78b345f9,Ruben Melikyan,2025-01-16,16:15:11,-08:00,2025-01-16T16:15:11-08:00,2,43
style.css,43,css,78b345f9,Ruben Melikyan,2025-01-16,16:15:11,-08:00,2025-01-16T16:15:11-08:00,2,20
style.css,44,css,78b345f9,Ruben Melikyan,2025-01-16,16:15:11,-08:00,2025-01-16T16:15:11-08:00,2,16
style.css,45,css,78b345f9,Ruben Melikyan,2025-01-16,16:15:11,-08:00,2025-01-16T16:15:11-08:00,0,0
style.css,46,css,78b345f9,Ruben Melikyan,2025-01-16,16:15:11,-08:00,2025-01-16T16:15:11-08:00,0,0
style.css,47,css,78b345f9,Ruben Melikyan,2025-01-16,16:15:11,-08:00,2025-01-16T16:15:11-08:00,0,11
style.css,48,css,78b345f9,Ruben Melikyan,2025-01-16,16:15:11,-08:00,2025-01-16T16:15:11-08:00,2,45
style.css,49,css,78b345f9,Ruben Melikyan,2025-01-16,16:15:11,-08:00,2025-01-16T16:15:11-08:00,0,0
style.css,50,css,78b345f9,Ruben Melikyan,2025-01-16,16:15:11,-08:00,2025-01-16T16:15:11-08:00,0,0
style.css,51,css,e55d81d0,Ruben Melikyan,2025-02-07,16:21:28,-08:00,2025-02-07T16:21:28-08:00,0,6
style.css,52,css,e55d81d0,Ruben Melikyan,2025-02-07,16:21:28,-08:00,2025-02-07T16:21:28-08:00,2,19
style.css,53,css,e55d81d0,Ruben Melikyan,2025-02-07,16:21:28,-08:00,2025-02-07T16:21:28-08:00,2,18
style.css,54,css,eadf1c7d,Ruben Melikyan,2025-01-24,18:35:12,-08:00,2025-01-24T18:35:12-08:00,0,0
style.css,55,css,eadf1c7d,Ruben Melikyan,2025-01-24,18:35:12,-08:00,2025-01-24T18:35:12-08:00,0,0
style.css,56,css,eadf1c7d,Ruben Melikyan,2025-01-24,18:35:12,-08:00,2025-01-24T18:35:12-08:00,0,2
style.css,57,css,eadf1c7d,Ruben Melikyan,2025-01-24,18:35:12,-08:00,2025-01-24T18:35:12-08:00,2,14
style.css,58,css,eadf1c7d,Ruben Melikyan,2025-01-24,18:35:12,-08:00,2025-01-24T18:35:12-08:00,2,15
style.css,59,css,eadf1c7d,Ruben Melikyan,2025-01-24,18:35:12,-08:00,2025-01-24T18:35:12-08:00,0,0
style.css,60,css,eadf1c7d,Ruben Melikyan,2025-01-24,18:35:12,-08:00,2025-01-24T18:35:12-08:00,0,0
style.css,61,css,eadf1c7d,Ruben Melikyan,2025-01-24,18:35:12,-08:00,2025-01-24T18:35:12-08:00,0,18
style.css,62,css,eadf1c7d,Ruben Melikyan,2025-01-24,18:35:12,-08:00,2025-01-24T18:35:12-08:00,2,15
style.css,63,css,eadf1c7d,Ruben Melikyan,2025-01-24,18:35:12,-08:00,2025-01-24T18:35:12-08:00,0,0
style.css,64,css,eadf1c7d,Ruben Melikyan,2025-01-24,18:35:12,-08:00,2025-01-24T18:35:12-08:00,0,0
style.css,65,css,e55d81d0,Ruben Melikyan,2025-02-07,16:21:28,-08:00,2025-02-07T16:21:28-08:00,0,0
style.css,66,css,1ab9ccff,Ruben Melikyan,2025-01-17,19:00:17,-08:00,2025-01-17T19:00:17-08:00,0,4
style.css,67,css,1ab9ccff,Ruben Melikyan,2025-01-17,19:00:17,-08:00,2025-01-17T19:00:17-08:00,2,12
style.css,68,css,1ab9ccff,Ruben Melikyan,2025-01-17,19:00:17,-08:00,2025-01-17T19:00:17-08:00,2,30
style.css,69,css,1ab9ccff,Ruben Melikyan,2025-01-17,19:00:17,-08:00,2025-01-17T19:00:17-08:00,2,7
style.css,70,css,1ab9ccff,Ruben Melikyan,2025-01-17,19:00:17,-08:00,2025-01-17T19:00:17-08:00,2,15
style.css,71,css,1ab9ccff,Ruben Melikyan,2025-01-17,19:00:17,-08:00,2025-01-17T19:00:17-08:00,2,15
style.css,72,css,1ab9ccff,Ruben Melikyan,2025-01-17,19:00:17,-08:00,2025-01-17T19:00:17-08:00,2,11
style.css,73,css,1ab9ccff,Ruben Melikyan,2025-01-17,19:00:17,-08:00,2025-01-17T19:00:17-08:00,2,22
style.css,74,css,1ab9ccff,Ruben Melikyan,2025-01-17,19:00:17,-08:00,2025-01-17T19:00:17-08:00,2,17
style.css,75,css,1ab9ccff,Ruben Melikyan,2025-01-17,19:00:17,-08:00,2025-01-17T19:00:17-08:00,2,39
style.css,76,css,1ab9ccff,Ruben Melikyan,2025-01-17,19:00:17,-08:00,2025-01-17T19:00:17-08:00,0,0
style.css,77,css,1ab9ccff,Ruben Melikyan,2025-01-17,19:00:17,-08:00,2025-01-17T19:00:17-08:00,0,0
style.css,78,css,1ab9ccff,Ruben Melikyan,2025-01-17,19:00:17,-08:00,2025-01-17T19:00:17-08:00,0,10
style.css,79,css,1ab9ccff,Ruben Melikyan,2025-01-17,19:00:17,-08:00,2025-01-17T19:00:17-08:00,2,18
style.css,80,css,1ab9ccff,Ruben Melikyan,2025-01-17,19:00:17,-08:00,2025-01-17T19:00:17-08:00,2,18
style.css,81,css,1ab9ccff,Ruben Melikyan,2025-01-17,19:00:17,-08:00,2025-01-17T19:00:17-08:00,2,16
style.css,82,css,1ab9ccff,Ruben Melikyan,2025-01-17,19:00:17,-08:00,2025-01-17T19:00:17-08:00,0,0
style.css,83,css,1ab9ccff,Ruben Melikyan,2025-01-17,19:00:17,-08:00,2025-01-17T19:00:17-08:00,0,0
style.css,84,css,1ab9ccff,Ruben Melikyan,2025-01-17,19:00:17,-08:00,2025-01-17T19:00:17-08:00,0,9
style.css,85,css,1ab9ccff,Ruben Melikyan,2025-01-17,19:00:17,-08:00,2025-01-17T19:00:17-08:00,0,13
style.css,86,css,1ab9ccff,Ruben Melikyan,2025-01-17,19:00:17,-08:00,2025-01-17T19:00:17-08:00,2,13
style.css,87,css,1ab9ccff,Ruben Melikyan,2025-01-17,19:00:17,-08:00,2025-01-17T19:00:17-08:00,2,10
style.css,88,css,1ab9ccff,Ruben Melikyan,2025-01-17,19:00:17,-08:00,2025-01-17T19:00:17-08:00,2,21
style.css,89,css,1ab9ccff,Ruben Melikyan,2025-01-17,19:00:17,-08:00,2025-01-17T19:00:17-08:00,2,13
style.css,90,css,1ab9ccff,Ruben Melikyan,2025-01-17,19:00:17,-08:00,2025-01-17T19:00:17-08:00,2,21
style.css,91,css,1ab9ccff,Ruben Melikyan,2025-01-17,19:00:17,-08:00,2025-01-17T19:00:17-08:00,2,17
style.css,92,css,1ab9ccff,Ruben Melikyan,2025-01-17,19:00:17,-08:00,2025-01-17T19:00:17-08:00,0,0
style.css,93,css,1ab9ccff,Ruben Melikyan,2025-01-17,19:00:17,-08:00,2025-01-17T19:00:17-08:00,0,0
style.css,94,css,1ab9ccff,Ruben Melikyan,2025-01-17,19:00:17,-08:00,2025-01-17T19:00:17-08:00,0,11
style.css,95,css,1ab9ccff,Ruben Melikyan,2025-01-17,19:00:17,-08:00,2025-01-17T19:00:17-08:00,2,18
style.css,96,css,1ab9ccff,Ruben Melikyan,2025-01-17,19:00:17,-08:00,2025-01-17T19:00:17-08:00,2,13
style.css,97,css,1ab9ccff,Ruben Melikyan,2025-01-17,19:00:17,-08:00,2025-01-17T19:00:17-08:00,2,36
style.css,98,css,1ab9ccff,Ruben Melikyan,2025-01-17,19:00:17,-08:00,2025-01-17T19:00:17-08:00,2,11
style.css,99,css,1ab9ccff,Ruben Melikyan,2025-01-17,19:00:17,-08:00,2025-01-17T19:00:17-08:00,2,11
style.css,100,css,1ab9ccff,Ruben Melikyan,2025-01-17,19:00:17,-08:00,2025-01-17T19:00:17-08:00,2,17
style.css,101,css,1ab9ccff,Ruben Melikyan,2025-01-17,19:00:17,-08:00,2025-01-17T19:00:17-08:00,2,14
style.css,102,css,1ab9ccff,Ruben Melikyan,2025-01-17,19:00:17,-08:00,2025-01-17T19:00:17-08:00,2,37
style.css,103,css,1ab9ccff,Ruben Melikyan,2025-01-17,19:00:17,-08:00,2025-01-17T19:00:17-08:00,0,0
style.css,104,css,1ab9ccff,Ruben Melikyan,2025-01-17,19:00:17,-08:00,2025-01-17T19:00:17-08:00,0,0
style.css,105,css,1ab9ccff,Ruben Melikyan,2025-01-17,19:00:17,-08:00,2025-01-17T19:00:17-08:00,0,17
style.css,106,css,1ab9ccff,Ruben Melikyan,2025-01-17,19:00:17,-08:00,2025-01-17T19:00:17-08:00,2,33
style.css,107,css,1ab9ccff,Ruben Melikyan,2025-01-17,19:00:17,-08:00,2025-01-17T19:00:17-08:00,0,0
style.css,108,css,1ab9ccff,Ruben Melikyan,2025-01-17,19:00:17,-08:00,2025-01-17T19:00:17-08:00,0,0
style.css,109,css,1ab9ccff,Ruben Melikyan,2025-01-17,19:00:17,-08:00,2025-01-17T19:00:17-08:00,0,28
style.css,110,css,78b345f9,Ruben Melikyan,2025-01-16,16:15:11,-08:00,2025-01-16T16:15:11-08:00,0,9
style.css,111,css,78b345f9,Ruben Melikyan,2025-01-16,16:15:11,-08:00,2025-01-16T16:15:11-08:00,2,12
style.css,112,css,78b345f9,Ruben Melikyan,2025-01-16,16:15:11,-08:00,2025-01-16T16:15:11-08:00,2,58
style.css,113,css,1ab9ccff,Ruben Melikyan,2025-01-17,19:00:17,-08:00,2025-01-17T19:00:17-08:00,2,7
style.css,114,css,1ab9ccff,Ruben Melikyan,2025-01-17,19:00:17,-08:00,2025-01-17T19:00:17-08:00,2,11
style.css,115,css,1ab9ccff,Ruben Melikyan,2025-01-17,19:00:17,-08:00,2025-01-17T19:00:17-08:00,2,24
style.css,116,css,1ab9ccff,Ruben Melikyan,2025-01-17,19:00:17,-08:00,2025-01-17T19:00:17-08:00,2,17
style.css,117,css,78b345f9,Ruben Melikyan,2025-01-16,16:15:11,-08:00,2025-01-16T16:15:11-08:00,0,0
style.css,118,css,78b345f9,Ruben Melikyan,2025-01-16,16:15:11,-08:00,2025-01-16T16:15:11-08:00,0,0
style.css,119,css,78b345f9,Ruben Melikyan,2025-01-16,16:15:11,-08:00,2025-01-16T16:15:11-08:00,0,17
style.css,120,css,78b345f9,Ruben Melikyan,2025-01-16,16:15:11,-08:00,2025-01-16T16:15:11-08:00,2,12
style.css,121,css,1ab9ccff,Ruben Melikyan,2025-01-17,19:00:17,-08:00,2025-01-17T19:00:17-08:00,2,32
style.css,122,css,1ab9ccff,Ruben Melikyan,2025-01-17,19:00:17,-08:00,2025-01-17T19:00:17-08:00,2,17
style.css,123,css,78b345f9,Ruben Melikyan,2025-01-16,16:15:11,-08:00,2025-01-16T16:15:11-08:00,2,11
style.css,124,css,1ab9ccff,Ruben Melikyan,2025-01-17,19:00:17,-08:00,2025-01-17T19:00:17-08:00,2,22
style.css,125,css,78b345f9,Ruben Melikyan,2025-01-16,16:15:11,-08:00,2025-01-16T16:15:11-08:00,2,21
style.css,126,css,78b345f9,Ruben Melikyan,2025-01-16,16:15:11,-08:00,2025-01-16T16:15:11-08:00,2,17
style.css,127,css,1ab9ccff,Ruben Melikyan,2025-01-17,19:00:17,-08:00,2025-01-17T19:00:17-08:00,2,39
style.css,128,css,1ab9ccff,Ruben Melikyan,2025-01-17,19:00:17,-08:00,2025-01-17T19:00:17-08:00,2,66
style.css,129,css,1ab9ccff,Ruben Melikyan,2025-01-17,19:00:17,-08:00,2025-01-17T19:00:17-08:00,0,0
style.css,130,css,1ab9ccff,Ruben Melikyan,2025-01-17,19:00:17,-08:00,2025-01-17T19:00:17-08:00,0,0
style.css,131,css,1ab9ccff,Ruben Melikyan,2025-01-17,19:00:17,-08:00,2025-01-17T19:00:17-08:00,0,23
style.css,132,css,1ab9ccff,Ruben Melikyan,2025-01-17,19:00:17,-08:00,2025-01-17T19:00:17-08:00,2,26
style.css,133,css,1ab9ccff,Ruben Melikyan,2025-01-17,19:00:17,-08:00,2025-01-17T19:00:17-08:00,2,41
style.css,134,css,78b345f9,Ruben Melikyan,2025-01-16,16:15:11,-08:00,2025-01-16T16:15:11-08:00,0,0
style.css,135,css,78b345f9,Ruben Melikyan,2025-01-16,16:15:11,-08:00,2025-01-16T16:15:11-08:00,0,0
style.css,136,css,78b345f9,Ruben Melikyan,2025-01-16,16:15:11,-08:00,2025-01-16T16:15:11-08:00,0,12
style.css,137,css,1ab9ccff,Ruben Melikyan,2025-01-17,19:00:17,-08:00,2025-01-17T19:00:17-08:00,2,16
style.css,138,css,78b345f9,Ruben Melikyan,2025-01-16,16:15:11,-08:00,2025-01-16T16:15:11-08:00,2,15
style.css,139,css,1ab9ccff,Ruben Melikyan,2025-01-17,19:00:17,-08:00,2025-01-17T19:00:17-08:00,2,25
style.css,140,css,1ab9ccff,Ruben Melikyan,2025-01-17,19:00:17,-08:00,2025-01-17T19:00:17-08:00,2,17
style.css,141,css,78b345f9,Ruben Melikyan,2025-01-16,16:15:11,-08:00,2025-01-16T16:15:11-08:00,0,0
style.css,142,css,78b345f9,Ruben Melikyan,2025-01-16,16:15:11,-08:00,2025-01-16T16:15:11-08:00,0,0
style.css,143,css,78b345f9,Ruben Melikyan,2025-01-16,16:15:11,-08:00,2025-01-16T16:15:11-08:00,0,13
style.css,144,css,78b345f9,Ruben Melikyan,2025-01-16,16:15:11,-08:00,2025-01-16T16:15:11-08:00,2,10
style.css,145,css,78b345f9,Ruben Melikyan,2025-01-16,16:15:11,-08:00,2025-01-16T16:15:11-08:00,2,11
style.css,146,css,78b345f9,Ruben Melikyan,2025-01-16,16:15:11,-08:00,2025-01-16T16:15:11-08:00,2,16
style.css,147,css,78b345f9,Ruben Melikyan,2025-01-16,16:15:11,-08:00,2025-01-16T16:15:11-08:00,2,17
style.css,148,css,1ab9ccff,Ruben Melikyan,2025-01-17,19:00:17,-08:00,2025-01-17T19:00:17-08:00,2,19
style.css,149,css,78b345f9,Ruben Melikyan,2025-01-16,16:15:11,-08:00,2025-01-16T16:15:11-08:00,0,0
style.css,150,css,78b345f9,Ruben Melikyan,2025-01-16,16:15:11,-08:00,2025-01-16T16:15:11-08:00,0,0
style.css,151,css,78b345f9,Ruben Melikyan,2025-01-16,16:15:11,-08:00,2025-01-16T16:15:11-08:00,0,11
style.css,152,css,1ab9ccff,Ruben Melikyan,2025-01-17,19:00:17,-08:00,2025-01-17T19:00:17-08:00,2,8
style.css,153,css,1ab9ccff,Ruben Melikyan,2025-01-17,19:00:17,-08:00,2025-01-17T19:00:17-08:00,2,15
style.css,154,css,1ab9ccff,Ruben Melikyan,2025-01-17,19:00:17,-08:00,2025-01-17T19:00:17-08:00,2,10
style.css,155,css,1ab9ccff,Ruben Melikyan,2025-01-17,19:00:17,-08:00,2025-01-17T19:00:17-08:00,2,17
style.css,156,css,78b345f9,Ruben Melikyan,2025-01-16,16:15:11,-08:00,2025-01-16T16:15:11-08:00,0,0
style.css,157,css,e5169a72,Ruben Melikyan,2025-01-30,20:04:38,-08:00,2025-01-30T20:04:38-08:00,0,0
style.css,158,css,e55d81d0,Ruben Melikyan,2025-02-07,16:21:28,-08:00,2025-02-07T16:21:28-08:00,0,13
style.css,159,css,e55d81d0,Ruben Melikyan,2025-02-07,16:21:28,-08:00,2025-02-07T16:21:28-08:00,2,12
style.css,160,css,e55d81d0,Ruben Melikyan,2025-02-07,16:21:28,-08:00,2025-02-07T16:21:28-08:00,2,21
style.css,161,css,e55d81d0,Ruben Melikyan,2025-02-07,16:21:28,-08:00,2025-02-07T16:21:28-08:00,2,18
style.css,162,css,e55d81d0,Ruben Melikyan,2025-02-07,16:21:28,-08:00,2025-02-07T16:21:28-08:00,2,17
style.css,163,css,e55d81d0,Ruben Melikyan,2025-02-07,16:21:28,-08:00,2025-02-07T16:21:28-08:00,0,0
style.css,164,css,e5169a72,Ruben Melikyan,2025-01-30,20:04:38,-08:00,2025-01-30T20:04:38-08:00,0,0
style.css,165,css,e55d81d0,Ruben Melikyan,2025-02-07,16:21:28,-08:00,2025-02-07T16:21:28-08:00,0,13
style.css,166,css,e55d81d0,Ruben Melikyan,2025-02-07,16:21:28,-08:00,2025-02-07T16:21:28-08:00,2,30
style.css,167,css,e55d81d0,Ruben Melikyan,2025-02-07,16:21:28,-08:00,2025-02-07T16:21:28-08:00,2,34
style.css,168,css,e55d81d0,Ruben Melikyan,2025-02-07,16:21:28,-08:00,2025-02-07T16:21:28-08:00,2,15
style.css,169,css,e55d81d0,Ruben Melikyan,2025-02-07,16:21:28,-08:00,2025-02-07T16:21:28-08:00,2,10
style.css,170,css,e55d81d0,Ruben Melikyan,2025-02-07,16:21:28,-08:00,2025-02-07T16:21:28-08:00,2,16
style.css,171,css,e55d81d0,Ruben Melikyan,2025-02-07,16:21:28,-08:00,2025-02-07T16:21:28-08:00,0,0
style.css,172,css,e5169a72,Ruben Melikyan,2025-01-30,20:04:38,-08:00,2025-01-30T20:04:38-08:00,0,0
style.css,173,css,e55d81d0,Ruben Melikyan,2025-02-07,16:21:28,-08:00,2025-02-07T16:21:28-08:00,0,16
style.css,174,css,e55d81d0,Ruben Melikyan,2025-02-07,16:21:28,-08:00,2025-02-07T16:21:28-08:00,2,12
style.css,175,css,e55d81d0,Ruben Melikyan,2025-02-07,16:21:28,-08:00,2025-02-07T16:21:28-08:00,2,18
style.css,176,css,e55d81d0,Ruben Melikyan,2025-02-07,16:21:28,-08:00,2025-02-07T16:21:28-08:00,2,26
style.css,177,css,e55d81d0,Ruben Melikyan,2025-02-07,16:21:28,-08:00,2025-02-07T16:21:28-08:00,2,7
style.css,178,css,e55d81d0,Ruben Melikyan,2025-02-07,16:21:28,-08:00,2025-02-07T16:21:28-08:00,2,14
style.css,179,css,e55d81d0,Ruben Melikyan,2025-02-07,16:21:28,-08:00,2025-02-07T16:21:28-08:00,2,12
style.css,180,css,e55d81d0,Ruben Melikyan,2025-02-07,16:21:28,-08:00,2025-02-07T16:21:28-08:00,0,0
style.css,181,css,e5169a72,Ruben Melikyan,2025-01-30,20:04:38,-08:00,2025-01-30T20:04:38-08:00,0,0
style.css,182,css,e55d81d0,Ruben Melikyan,2025-02-07,16:21:28,-08:00,2025-02-07T16:21:28-08:00,0,18
style.css,183,css,e55d81d0,Ruben Melikyan,2025-02-07,16:21:28,-08:00,2025-02-07T16:21:28-08:00,2,14
style.css,184,css,e55d81d0,Ruben Melikyan,2025-02-07,16:21:28,-08:00,2025-02-07T16:21:28-08:00,2,13
style.css,185,css,e55d81d0,Ruben Melikyan,2025-02-07,16:21:28,-08:00,2025-02-07T16:21:28-08:00,0,0
style.css,186,css,e5169a72,Ruben Melikyan,2025-01-30,20:04:38,-08:00,2025-01-30T20:04:38-08:00,0,0
style.css,187,css,e55d81d0,Ruben Melikyan,2025-02-07,16:21:28,-08:00,2025-02-07T16:21:28-08:00,0,51
style.css,188,css,e55d81d0,Ruben Melikyan,2025-02-07,16:21:28,-08:00,2025-02-07T16:21:28-08:00,2,11
style.css,189,css,e55d81d0,Ruben Melikyan,2025-02-07,16:21:28,-08:00,2025-02-07T16:21:28-08:00,0,0
style.css,190,css,e55d81d0,Ruben Melikyan,2025-02-07,16:21:28,-08:00,2025-02-07T16:21:28-08:00,0,0
style.css,191,css,e55d81d0,Ruben Melikyan,2025-02-07,16:21:28,-08:00,2025-02-07T16:21:28-08:00,0,4
style.css,192,css,e55d81d0,Ruben Melikyan,2025-02-07,16:21:28,-08:00,2025-02-07T16:21:28-08:00,2,14
style.css,193,css,e55d81d0,Ruben Melikyan,2025-02-07,16:21:28,-08:00,2025-02-07T16:21:28-08:00,2,16
style.css,194,css,e55d81d0,Ruben Melikyan,2025-02-07,16:21:28,-08:00,2025-02-07T16:21:28-08:00,0,0
style.css,195,css,e55d81d0,Ruben Melikyan,2025-02-07,16:21:28,-08:00,2025-02-07T16:21:28-08:00,0,0
style.css,196,css,e55d81d0,Ruben Melikyan,2025-02-07,16:21:28,-08:00,2025-02-07T16:21:28-08:00,0,0
style.css,197,css,e55d81d0,Ruben Melikyan,2025-02-07,16:21:28,-08:00,2025-02-07T16:21:28-08:00,0,7
style.css,198,css,e55d81d0,Ruben Melikyan,2025-02-07,16:21:28,-08:00,2025-02-07T16:21:28-08:00,2,12
style.css,199,css,e55d81d0,Ruben Melikyan,2025-02-07,16:21:28,-08:00,2025-02-07T16:21:28-08:00,2,57
style.css,200,css,e55d81d0,Ruben Melikyan,2025-02-07,16:21:28,-08:00,2025-02-07T16:21:28-08:00,2,11
style.css,201,css,e55d81d0,Ruben Melikyan,2025-02-07,16:21:28,-08:00,2025-02-07T16:21:28-08:00,2,7
style.css,202,css,e55d81d0,Ruben Melikyan,2025-02-07,16:21:28,-08:00,2025-02-07T16:21:28-08:00,2,11
style.css,203,css,e55d81d0,Ruben Melikyan,2025-02-07,16:21:28,-08:00,2025-02-07T16:21:28-08:00,2,21
style.css,204,css,e55d81d0,Ruben Melikyan,2025-02-07,16:21:28,-08:00,2025-02-07T16:21:28-08:00,2,18
style.css,205,css,e55d81d0,Ruben Melikyan,2025-02-07,16:21:28,-08:00,2025-02-07T16:21:28-08:00,2,17
style.css,206,css,e55d81d0,Ruben Melikyan,2025-02-07,16:21:28,-08:00,2025-02-07T16:21:28-08:00,0,0
style.css,207,css,e55d81d0,Ruben Melikyan,2025-02-07,16:21:28,-08:00,2025-02-07T16:21:28-08:00,0,0
style.css,208,css,e55d81d0,Ruben Melikyan,2025-02-07,16:21:28,-08:00,2025-02-07T16:21:28-08:00,0,10
style.css,209,css,e55d81d0,Ruben Melikyan,2025-02-07,16:21:28,-08:00,2025-02-07T16:21:28-08:00,2,12
style.css,210,css,e55d81d0,Ruben Melikyan,2025-02-07,16:21:28,-08:00,2025-02-07T16:21:28-08:00,2,18
style.css,211,css,e55d81d0,Ruben Melikyan,2025-02-07,16:21:28,-08:00,2025-02-07T16:21:28-08:00,2,9
style.css,212,css,e55d81d0,Ruben Melikyan,2025-02-07,16:21:28,-08:00,2025-02-07T16:21:28-08:00,2,15
style.css,213,css,e55d81d0,Ruben Melikyan,2025-02-07,16:21:28,-08:00,2025-02-07T16:21:28-08:00,0,0
style.css,214,css,e55d81d0,Ruben Melikyan,2025-02-07,16:21:28,-08:00,2025-02-07T16:21:28-08:00,0,0
style.css,215,css,e55d81d0,Ruben Melikyan,2025-02-07,16:21:28,-08:00,2025-02-07T16:21:28-08:00,0,9
style.css,216,css,e55d81d0,Ruben Melikyan,2025-02-07,16:21:28,-08:00,2025-02-07T16:21:28-08:00,2,35
style.css,217,css,e55d81d0,Ruben Melikyan,2025-02-07,16:21:28,-08:00,2025-02-07T16:21:28-08:00,0,0
style.css,218,css,e55d81d0,Ruben Melikyan,2025-02-07,16:21:28,-08:00,2025-02-07T16:21:28-08:00,0,0
style.css,219,css,e55d81d0,Ruben Melikyan,2025-02-07,16:21:28,-08:00,2025-02-07T16:21:28-08:00,0,18
style.css,220,css,e55d81d0,Ruben Melikyan,2025-02-07,16:21:28,-08:00,2025-02-07T16:21:28-08:00,2,17
style.css,221,css,e55d81d0,Ruben Melikyan,2025-02-07,16:21:28,-08:00,2025-02-07T16:21:28-08:00,0,0
style.css,222,css,e55d81d0,Ruben Melikyan,2025-02-07,16:21:28,-08:00,2025-02-07T16:21:28-08:00,0,0
style.css,223,css,e55d81d0,Ruben Melikyan,2025-02-07,16:21:28,-08:00,2025-02-07T16:21:28-08:00,0,0
style.css,224,css,e55d81d0,Ruben Melikyan,2025-02-07,16:21:28,-08:00,2025-02-07T16:21:28-08:00,0,7
style.css,225,css,e55d81d0,Ruben Melikyan,2025-02-07,16:21:28,-08:00,2025-02-07T16:21:28-08:00,2,20
style.css,226,css,e55d81d0,Ruben Melikyan,2025-02-07,16:21:28,-08:00,2025-02-07T16:21:28-08:00,2,9
style.css,227,css,e55d81d0,Ruben Melikyan,2025-02-07,16:21:28,-08:00,2025-02-07T16:21:28-08:00,2,10
style.css,228,css,e55d81d0,Ruben Melikyan,2025-02-07,16:21:28,-08:00,2025-02-07T16:21:28-08:00,2,23
style.css,229,css,e55d81d0,Ruben Melikyan,2025-02-07,16:21:28,-08:00,2025-02-07T16:21:28-08:00,2,17
style.css,230,css,e55d81d0,Ruben Melikyan,2025-02-07,16:21:28,-08:00,2025-02-07T16:21:28-08:00,0,0
index.js,1,js,e5169a72,Ruben Melikyan,2025-01-30,20:04:38,-08:00,2025-01-30T20:04:38-08:00,0,71
index.js,2,js,e5169a72,Ruben Melikyan,2025-01-30,20:04:38,-08:00,2025-01-30T20:04:38-08:00,0,0
index.js,3,js,e5169a72,Ruben Melikyan,2025-01-30,20:04:38,-08:00,2025-01-30T20:04:38-08:00,0,57
index.js,4,js,e5169a72,Ruben Melikyan,2025-01-30,20:04:38,-08:00,2025-01-30T20:04:38-08:00,2,60
index.js,5,js,e5169a72,Ruben Melikyan,2025-01-30,20:04:38,-08:00,2025-01-30T20:04:38-08:00,2,60
index.js,6,js,e5169a72,Ruben Melikyan,2025-01-30,20:04:38,-08:00,2025-01-30T20:04:38-08:00,0,0
index.js,7,js,e5169a72,Ruben Melikyan,2025-01-30,20:04:38,-08:00,2025-01-30T20:04:38-08:00,2,23
index.js,8,js,e5169a72,Ruben Melikyan,2025-01-30,20:04:38,-08:00,2025-01-30T20:04:38-08:00,4,62
index.js,9,js,e5169a72,Ruben Melikyan,2025-01-30,20:04:38,-08:00,2025-01-30T20:04:38-08:00,4,5
index.js,10,js,e5169a72,Ruben Melikyan,2025-01-30,20:04:38,-08:00,2025-01-30T20:04:38-08:00,2,0
index.js,11,js,e5169a72,Ruben Melikyan,2025-01-30,20:04:38,-08:00,2025-01-30T20:04:38-08:00,0,0
index.js,12,js,d6a20d88,Ruben Melikyan,2025-01-31,21:02:31,-08:00,2025-01-31T21:02:31-08:00,2,55
index.js,13,js,e5169a72,Ruben Melikyan,2025-01-30,20:04:38,-08:00,2025-01-30T20:04:38-08:00,2,42
index.js,14,js,e5169a72,Ruben Melikyan,2025-01-30,20:04:38,-08:00,2025-01-30T20:04:38-08:00,0,0
index.js,15,js,e5169a72,Ruben Melikyan,2025-01-30,20:04:38,-08:00,2025-01-30T20:04:38-08:00,2,30
index.js,16,js,e5169a72,Ruben Melikyan,2025-01-30,20:04:38,-08:00,2025-01-30T20:04:38-08:00,4,54
index.js,17,js,e5169a72,Ruben Melikyan,2025-01-30,20:04:38,-08:00,2025-01-30T20:04:38-08:00,2,6
index.js,18,js,e5169a72,Ruben Melikyan,2025-01-30,20:04:38,-08:00,2025-01-30T20:04:38-08:00,4,60
index.js,19,js,e5169a72,Ruben Melikyan,2025-01-30,20:04:38,-08:00,2025-01-30T20:04:38-08:00,2,0
index.js,20,js,e5169a72,Ruben Melikyan,2025-01-30,20:04:38,-08:00,2025-01-30T20:04:38-08:00,0,0
index.js,21,js,e5169a72,Ruben Melikyan,2025-01-30,20:04:38,-08:00,2025-01-30T20:04:38-08:00,2,53
index.js,22,js,e5169a72,Ruben Melikyan,2025-01-30,20:04:38,-08:00,2025-01-30T20:04:38-08:00,0,0
index.js,23,js,e5169a72,Ruben Melikyan,2025-01-30,20:04:38,-08:00,2025-01-30T20:04:38-08:00,2,31
index.js,24,js,e5169a72,Ruben Melikyan,2025-01-30,20:04:38,-08:00,2025-01-30T20:04:38-08:00,4,24
index.js,25,js,e5169a72,Ruben Melikyan,2025-01-30,20:04:38,-08:00,2025-01-30T20:04:38-08:00,6,2
index.js,26,js,e5169a72,Ruben Melikyan,2025-01-30,20:04:38,-08:00,2025-01-30T20:04:38-08:00,8,55
index.js,27,js,e5169a72,Ruben Melikyan,2025-01-30,20:04:38,-08:00,2025-01-30T20:04:38-08:00,8,55
index.js,28,js,e5169a72,Ruben Melikyan,2025-01-30,20:04:38,-08:00,2025-01-30T20:04:38-08:00,8,49
index.js,29,js,e5169a72,Ruben Melikyan,2025-01-30,20:04:38,-08:00,2025-01-30T20:04:38-08:00,8,49
index.js,30,js,e5169a72,Ruben Melikyan,2025-01-30,20:04:38,-08:00,2025-01-30T20:04:38-08:00,6,3
index.js,31,js,e5169a72,Ruben Melikyan,2025-01-30,20:04:38,-08:00,2025-01-30T20:04:38-08:00,4,0
index.js,32,js,e5169a72,Ruben Melikyan,2025-01-30,20:04:38,-08:00,2025-01-30T20:04:38-08:00,2,0
index.js,33,js,e5169a72,Ruben Melikyan,2025-01-30,20:04:38,-08:00,2025-01-30T20:04:38-08:00,0,1
index.html,1,html,6ec184d3,Ruben Melikyan,2025-01-10,13:31:18,-08:00,2025-01-10T13:31:18-08:00,0,13
index.html,2,html,6ec184d3,Ruben Melikyan,2025-01-10,13:31:18,-08:00,2025-01-10T13:31:18-08:00,0,14
index.html,3,html,6ec184d3,Ruben Melikyan,2025-01-10,13:31:18,-08:00,2025-01-10T13:31:18-08:00,0,4
index.html,4,html,6ec184d3,Ruben Melikyan,2025-01-10,13:31:18,-08:00,2025-01-10T13:31:18-08:00,2,20
index.html,5,html,6ec184d3,Ruben Melikyan,2025-01-10,13:31:18,-08:00,2025-01-10T13:31:18-08:00,2,68
index.html,6,html,1ab9ccff,Ruben Melikyan,2025-01-17,19:00:17,-08:00,2025-01-17T19:00:17-08:00,2,56
index.html,7,html,127463f8,Ruben Melikyan,2025-01-31,20:56:32,-08:00,2025-01-31T20:56:32-08:00,2,47
index.html,8,html,d6a20d88,Ruben Melikyan,2025-01-31,21:02:31,-08:00,2025-01-31T21:02:31-08:00,2,52
index.html,9,html,6cd7663b,Ruben Melikyan,2025-01-10,14:09:36,-08:00,2025-01-10T14:09:36-08:00,2,38
index.html,10,html,6ec184d3,Ruben Melikyan,2025-01-10,13:31:18,-08:00,2025-01-10T13:31:18-08:00,0,5
index.html,11,html,85d0a4df,Ruben Melikyan,2025-01-24,16:56:08,-08:00,2025-01-24T16:56:08-08:00,0,17
index.html,12,html,85d0a4df,Ruben Melikyan,2025-01-24,16:56:08,-08:00,2025-01-24T16:56:08-08:00,2,0
index.html,13,html,127463f8,Ruben Melikyan,2025-01-31,20:56:32,-08:00,2025-01-31T20:56:32-08:00,2,44
index.html,14,html,e5169a72,Ruben Melikyan,2025-01-30,20:04:38,-08:00,2025-01-30T20:04:38-08:00,0,0
index.html,15,html,6ec184d3,Ruben Melikyan,2025-01-10,13:31:18,-08:00,2025-01-10T13:31:18-08:00,2,1
index.html,16,html,eadf1c7d,Ruben Melikyan,2025-01-24,18:35:12,-08:00,2025-01-24T18:35:12-08:00,4,129
index.html,17,html,eadf1c7d,Ruben Melikyan,2025-01-24,18:35:12,-08:00,2025-01-24T18:35:12-08:00,4,153
index.html,18,html,2c990446,Ruben Melikyan,2025-01-10,13:54:06,-08:00,2025-01-10T13:54:06-08:00,2,2
index.html,19,html,e5169a72,Ruben Melikyan,2025-01-30,20:04:38,-08:00,2025-01-30T20:04:38-08:00,2,0
index.html,20,html,1ab9ccff,Ruben Melikyan,2025-01-17,19:00:17,-08:00,2025-01-17T19:00:17-08:00,2,124
index.html,21,html,e5169a72,Ruben Melikyan,2025-01-30,20:04:38,-08:00,2025-01-30T20:04:38-08:00,0,0
index.html,22,html,e5169a72,Ruben Melikyan,2025-01-30,20:04:38,-08:00,2025-01-30T20:04:38-08:00,2,22
index.html,23,html,e5169a72,Ruben Melikyan,2025-01-30,20:04:38,-08:00,2025-01-30T20:04:38-08:00,2,20
index.html,24,html,e5169a72,Ruben Melikyan,2025-01-30,20:04:38,-08:00,2025-01-30T20:04:38-08:00,2,4
index.html,25,html,e5169a72,Ruben Melikyan,2025-01-30,20:04:38,-08:00,2025-01-30T20:04:38-08:00,0,0
index.html,26,html,e5169a72,Ruben Melikyan,2025-01-30,20:04:38,-08:00,2025-01-30T20:04:38-08:00,2,27
index.html,27,html,e5169a72,Ruben Melikyan,2025-01-30,20:04:38,-08:00,2025-01-30T20:04:38-08:00,2,22
index.html,28,html,e5169a72,Ruben Melikyan,2025-01-30,20:04:38,-08:00,2025-01-30T20:04:38-08:00,2,4
index.html,29,html,e5169a72,Ruben Melikyan,2025-01-30,20:04:38,-08:00,2025-01-30T20:04:38-08:00,0,0
index.html,30,html,6ec184d3,Ruben Melikyan,2025-01-10,13:31:18,-08:00,2025-01-10T13:31:18-08:00,0,5
index.html,31,html,1ab9ccff,Ruben Melikyan,2025-01-17,19:00:17,-08:00,2025-01-17T19:00:17-08:00,0,5
global.js,1,js,304fc4f5,Ruben Melikyan,2025-01-31,21:09:47,-08:00,2025-01-31T21:09:47-08:00,0,25
global.js,2,js,304fc4f5,Ruben Melikyan,2025-01-31,21:09:47,-08:00,2025-01-31T21:09:47-08:00,0,0
global.js,3,js,b03d8c90,Ruben Melikyan,2025-02-07,12:42:23,-08:00,2025-02-07T12:42:23-08:00,0,80
global.js,4,js,304fc4f5,Ruben Melikyan,2025-01-31,21:09:47,-08:00,2025-01-31T21:09:47-08:00,0,11
global.js,5,js,2631bcc1,Ruben Melikyan,2025-02-07,12:34:37,-08:00,2025-02-07T12:34:37-08:00,1,47
global.js,6,js,2631bcc1,Ruben Melikyan,2025-02-07,12:34:37,-08:00,2025-02-07T12:34:37-08:00,1,60
global.js,7,js,2631bcc1,Ruben Melikyan,2025-02-07,12:34:37,-08:00,2025-02-07T12:34:37-08:00,1,58
global.js,8,js,2631bcc1,Ruben Melikyan,2025-02-07,12:34:37,-08:00,2025-02-07T12:34:37-08:00,1,56
global.js,9,js,00000000,Not Committed Yet,2025-02-13,17:34:38,-08:00,2025-02-13T17:34:38-08:00,1,52
global.js,10,js,304fc4f5,Ruben Melikyan,2025-01-31,21:09:47,-08:00,2025-01-31T21:09:47-08:00,1,81
global.js,11,js,304fc4f5,Ruben Melikyan,2025-01-31,21:09:47,-08:00,2025-01-31T21:09:47-08:00,0,0
global.js,12,js,304fc4f5,Ruben Melikyan,2025-01-31,21:09:47,-08:00,2025-01-31T21:09:47-08:00,0,0
global.js,13,js,304fc4f5,Ruben Melikyan,2025-01-31,21:09:47,-08:00,2025-01-31T21:09:47-08:00,0,38
global.js,14,js,304fc4f5,Ruben Melikyan,2025-01-31,21:09:47,-08:00,2025-01-31T21:09:47-08:00,0,25
global.js,15,js,304fc4f5,Ruben Melikyan,2025-01-31,21:09:47,-08:00,2025-01-31T21:09:47-08:00,0,0
global.js,16,js,304fc4f5,Ruben Melikyan,2025-01-31,21:09:47,-08:00,2025-01-31T21:09:47-08:00,0,20
global.js,17,js,304fc4f5,Ruben Melikyan,2025-01-31,21:09:47,-08:00,2025-01-31T21:09:47-08:00,1,34
global.js,18,js,2631bcc1,Ruben Melikyan,2025-02-07,12:34:37,-08:00,2025-02-07T12:34:37-08:00,1,13
global.js,19,js,2631bcc1,Ruben Melikyan,2025-02-07,12:34:37,-08:00,2025-02-07T12:34:37-08:00,1,22
global.js,20,js,304fc4f5,Ruben Melikyan,2025-01-31,21:09:47,-08:00,2025-01-31T21:09:47-08:00,0,0
global.js,21,js,304fc4f5,Ruben Melikyan,2025-01-31,21:09:47,-08:00,2025-01-31T21:09:47-08:00,1,17
global.js,22,js,304fc4f5,Ruben Melikyan,2025-01-31,21:09:47,-08:00,2025-01-31T21:09:47-08:00,2,8
global.js,23,js,304fc4f5,Ruben Melikyan,2025-01-31,21:09:47,-08:00,2025-01-31T21:09:47-08:00,2,58
global.js,24,js,304fc4f5,Ruben Melikyan,2025-01-31,21:09:47,-08:00,2025-01-31T21:09:47-08:00,1,0
global.js,25,js,304fc4f5,Ruben Melikyan,2025-01-31,21:09:47,-08:00,2025-01-31T21:09:47-08:00,0,0
global.js,26,js,304fc4f5,Ruben Melikyan,2025-01-31,21:09:47,-08:00,2025-01-31T21:09:47-08:00,1,29
global.js,27,js,304fc4f5,Ruben Melikyan,2025-01-31,21:09:47,-08:00,2025-01-31T21:09:47-08:00,2,18
global.js,28,js,304fc4f5,Ruben Melikyan,2025-01-31,21:09:47,-08:00,2025-01-31T21:09:47-08:00,1,0
global.js,29,js,304fc4f5,Ruben Melikyan,2025-01-31,21:09:47,-08:00,2025-01-31T21:09:47-08:00,0,0
global.js,30,js,304fc4f5,Ruben Melikyan,2025-01-31,21:09:47,-08:00,2025-01-31T21:09:47-08:00,1,12
global.js,31,js,e5169a72,Ruben Melikyan,2025-01-30,20:04:38,-08:00,2025-01-30T20:04:38-08:00,0,0
global.js,32,js,e5169a72,Ruben Melikyan,2025-01-30,20:04:38,-08:00,2025-01-30T20:04:38-08:00,0,0
global.js,33,js,304fc4f5,Ruben Melikyan,2025-01-31,21:09:47,-08:00,2025-01-31T21:09:47-08:00,0,59
global.js,34,js,304fc4f5,Ruben Melikyan,2025-01-31,21:09:47,-08:00,2025-01-31T21:09:47-08:00,0,0
global.js,35,js,304fc4f5,Ruben Melikyan,2025-01-31,21:09:47,-08:00,2025-01-31T21:09:47-08:00,0,31
global.js,36,js,304fc4f5,Ruben Melikyan,2025-01-31,21:09:47,-08:00,2025-01-31T21:09:47-08:00,1,11
global.js,37,js,304fc4f5,Ruben Melikyan,2025-01-31,21:09:47,-08:00,2025-01-31T21:09:47-08:00,1,0
global.js,38,js,304fc4f5,Ruben Melikyan,2025-01-31,21:09:47,-08:00,2025-01-31T21:09:47-08:00,1,26
global.js,39,js,304fc4f5,Ruben Melikyan,2025-01-31,21:09:47,-08:00,2025-01-31T21:09:47-08:00,2,4
global.js,40,js,304fc4f5,Ruben Melikyan,2025-01-31,21:09:47,-08:00,2025-01-31T21:09:47-08:00,2,26
global.js,41,js,304fc4f5,Ruben Melikyan,2025-01-31,21:09:47,-08:00,2025-01-31T21:09:47-08:00,3,43
global.js,42,js,304fc4f5,Ruben Melikyan,2025-01-31,21:09:47,-08:00,2025-01-31T21:09:47-08:00,3,34
global.js,43,js,304fc4f5,Ruben Melikyan,2025-01-31,21:09:47,-08:00,2025-01-31T21:09:47-08:00,3,32
global.js,44,js,304fc4f5,Ruben Melikyan,2025-01-31,21:09:47,-08:00,2025-01-31T21:09:47-08:00,2,7
global.js,45,js,304fc4f5,Ruben Melikyan,2025-01-31,21:09:47,-08:00,2025-01-31T21:09:47-08:00,1,6
global.js,46,js,304fc4f5,Ruben Melikyan,2025-01-31,21:09:47,-08:00,2025-01-31T21:09:47-08:00,1,0
global.js,47,js,304fc4f5,Ruben Melikyan,2025-01-31,21:09:47,-08:00,2025-01-31T21:09:47-08:00,0,0
global.js,48,js,304fc4f5,Ruben Melikyan,2025-01-31,21:09:47,-08:00,2025-01-31T21:09:47-08:00,0,0
global.js,49,js,e55d81d0,Ruben Melikyan,2025-02-07,16:21:28,-08:00,2025-02-07T16:21:28-08:00,0,60
global.js,50,js,e55d81d0,Ruben Melikyan,2025-02-07,16:21:28,-08:00,2025-02-07T16:21:28-08:00,0,37
global.js,51,js,e55d81d0,Ruben Melikyan,2025-02-07,16:21:28,-08:00,2025-02-07T16:21:28-08:00,0,33
global.js,52,js,e55d81d0,Ruben Melikyan,2025-02-07,16:21:28,-08:00,2025-02-07T16:21:28-08:00,0,33
global.js,53,js,e55d81d0,Ruben Melikyan,2025-02-07,16:21:28,-08:00,2025-02-07T16:21:28-08:00,0,36
global.js,54,js,e55d81d0,Ruben Melikyan,2025-02-07,16:21:28,-08:00,2025-02-07T16:21:28-08:00,0,58
global.js,55,js,e55d81d0,Ruben Melikyan,2025-02-07,16:21:28,-08:00,2025-02-07T16:21:28-08:00,0,39
global.js,56,js,e55d81d0,Ruben Melikyan,2025-02-07,16:21:28,-08:00,2025-02-07T16:21:28-08:00,0,34
global.js,57,js,e55d81d0,Ruben Melikyan,2025-02-07,16:21:28,-08:00,2025-02-07T16:21:28-08:00,0,0
global.js,58,js,304fc4f5,Ruben Melikyan,2025-01-31,21:09:47,-08:00,2025-01-31T21:09:47-08:00,0,55
global.js,59,js,304fc4f5,Ruben Melikyan,2025-01-31,21:09:47,-08:00,2025-01-31T21:09:47-08:00,0,0
global.js,60,js,304fc4f5,Ruben Melikyan,2025-01-31,21:09:47,-08:00,2025-01-31T21:09:47-08:00,0,34
global.js,61,js,304fc4f5,Ruben Melikyan,2025-01-31,21:09:47,-08:00,2025-01-31T21:09:47-08:00,1,43
global.js,62,js,304fc4f5,Ruben Melikyan,2025-01-31,21:09:47,-08:00,2025-01-31T21:09:47-08:00,1,70
global.js,63,js,304fc4f5,Ruben Melikyan,2025-01-31,21:09:47,-08:00,2025-01-31T21:09:47-08:00,1,25
global.js,64,js,304fc4f5,Ruben Melikyan,2025-01-31,21:09:47,-08:00,2025-01-31T21:09:47-08:00,0,0
global.js,65,js,304fc4f5,Ruben Melikyan,2025-01-31,21:09:47,-08:00,2025-01-31T21:09:47-08:00,0,0
global.js,66,js,304fc4f5,Ruben Melikyan,2025-01-31,21:09:47,-08:00,2025-01-31T21:09:47-08:00,0,49
global.js,67,js,304fc4f5,Ruben Melikyan,2025-01-31,21:09:47,-08:00,2025-01-31T21:09:47-08:00,1,40
global.js,68,js,304fc4f5,Ruben Melikyan,2025-01-31,21:09:47,-08:00,2025-01-31T21:09:47-08:00,1,73
global.js,69,js,304fc4f5,Ruben Melikyan,2025-01-31,21:09:47,-08:00,2025-01-31T21:09:47-08:00,1,40
global.js,70,js,304fc4f5,Ruben Melikyan,2025-01-31,21:09:47,-08:00,2025-01-31T21:09:47-08:00,0,1
global.js,71,js,304fc4f5,Ruben Melikyan,2025-01-31,21:09:47,-08:00,2025-01-31T21:09:47-08:00,0,0
global.js,72,js,e55d81d0,Ruben Melikyan,2025-02-07,16:21:28,-08:00,2025-02-07T16:21:28-08:00,0,0
global.js,73,js,e55d81d0,Ruben Melikyan,2025-02-07,16:21:28,-08:00,2025-02-07T16:21:28-08:00,0,0
global.js,74,js,e55d81d0,Ruben Melikyan,2025-02-07,16:21:28,-08:00,2025-02-07T16:21:28-08:00,0,0
global.js,75,js,e55d81d0,Ruben Melikyan,2025-02-07,16:21:28,-08:00,2025-02-07T16:21:28-08:00,0,0
global.js,76,js,304fc4f5,Ruben Melikyan,2025-01-31,21:09:47,-08:00,2025-01-31T21:09:47-08:00,0,36
global.js,77,js,304fc4f5,Ruben Melikyan,2025-01-31,21:09:47,-08:00,2025-01-31T21:09:47-08:00,1,3
global.js,78,js,304fc4f5,Ruben Melikyan,2025-01-31,21:09:47,-08:00,2025-01-31T21:09:47-08:00,3,32
global.js,79,js,304fc4f5,Ruben Melikyan,2025-01-31,21:09:47,-08:00,2025-01-31T21:09:47-08:00,0,0
global.js,80,js,304fc4f5,Ruben Melikyan,2025-01-31,21:09:47,-08:00,2025-01-31T21:09:47-08:00,3,17
global.js,81,js,304fc4f5,Ruben Melikyan,2025-01-31,21:09:47,-08:00,2025-01-31T21:09:47-08:00,5,66
global.js,82,js,304fc4f5,Ruben Melikyan,2025-01-31,21:09:47,-08:00,2025-01-31T21:09:47-08:00,3,0
global.js,83,js,304fc4f5,Ruben Melikyan,2025-01-31,21:09:47,-08:00,2025-01-31T21:09:47-08:00,0,0
global.js,84,js,304fc4f5,Ruben Melikyan,2025-01-31,21:09:47,-08:00,2025-01-31T21:09:47-08:00,3,27
global.js,85,js,304fc4f5,Ruben Melikyan,2025-01-31,21:09:47,-08:00,2025-01-31T21:09:47-08:00,1,15
global.js,86,js,304fc4f5,Ruben Melikyan,2025-01-31,21:09:47,-08:00,2025-01-31T21:09:47-08:00,3,59
global.js,87,js,304fc4f5,Ruben Melikyan,2025-01-31,21:09:47,-08:00,2025-01-31T21:09:47-08:00,1,0
global.js,88,js,e5169a72,Ruben Melikyan,2025-01-30,20:04:38,-08:00,2025-01-30T20:04:38-08:00,0,0
global.js,89,js,e5169a72,Ruben Melikyan,2025-01-30,20:04:38,-08:00,2025-01-30T20:04:38-08:00,0,0
global.js,90,js,e5169a72,Ruben Melikyan,2025-01-30,20:04:38,-08:00,2025-01-30T20:04:38-08:00,0,79
global.js,91,js,304fc4f5,Ruben Melikyan,2025-01-31,21:09:47,-08:00,2025-01-31T21:09:47-08:00,1,68
global.js,92,js,304fc4f5,Ruben Melikyan,2025-01-31,21:09:47,-08:00,2025-01-31T21:09:47-08:00,3,50
global.js,93,js,304fc4f5,Ruben Melikyan,2025-01-31,21:09:47,-08:00,2025-01-31T21:09:47-08:00,3,5
global.js,94,js,304fc4f5,Ruben Melikyan,2025-01-31,21:09:47,-08:00,2025-01-31T21:09:47-08:00,1,0
global.js,95,js,304fc4f5,Ruben Melikyan,2025-01-31,21:09:47,-08:00,2025-01-31T21:09:47-08:00,0,0
global.js,96,js,304fc4f5,Ruben Melikyan,2025-01-31,21:09:47,-08:00,2025-01-31T21:09:47-08:00,1,30
global.js,97,js,304fc4f5,Ruben Melikyan,2025-01-31,21:09:47,-08:00,2025-01-31T21:09:47-08:00,0,0
global.js,98,js,304fc4f5,Ruben Melikyan,2025-01-31,21:09:47,-08:00,2025-01-31T21:09:47-08:00,1,27
global.js,99,js,304fc4f5,Ruben Melikyan,2025-01-31,21:09:47,-08:00,2025-01-31T21:09:47-08:00,3,48
global.js,100,js,e5169a72,Ruben Melikyan,2025-01-30,20:04:38,-08:00,2025-01-30T20:04:38-08:00,0,0
global.js,101,js,304fc4f5,Ruben Melikyan,2025-01-31,21:09:47,-08:00,2025-01-31T21:09:47-08:00,3,48
global.js,102,js,304fc4f5,Ruben Melikyan,2025-01-31,21:09:47,-08:00,2025-01-31T21:09:47-08:00,3,63
global.js,103,js,304fc4f5,Ruben Melikyan,2025-01-31,21:09:47,-08:00,2025-01-31T21:09:47-08:00,3,69
global.js,104,js,e55d81d0,Ruben Melikyan,2025-02-07,16:21:28,-08:00,2025-02-07T16:21:28-08:00,3,77
global.js,105,js,e5169a72,Ruben Melikyan,2025-01-30,20:04:38,-08:00,2025-01-30T20:04:38-08:00,0,0
global.js,106,js,304fc4f5,Ruben Melikyan,2025-01-31,21:09:47,-08:00,2025-01-31T21:09:47-08:00,3,62
global.js,107,js,304fc4f5,Ruben Melikyan,2025-01-31,21:09:47,-08:00,2025-01-31T21:09:47-08:00,3,81
global.js,108,js,e5169a72,Ruben Melikyan,2025-01-30,20:04:38,-08:00,2025-01-30T20:04:38-08:00,0,0
global.js,109,js,304fc4f5,Ruben Melikyan,2025-01-31,21:09:47,-08:00,2025-01-31T21:09:47-08:00,3,19
global.js,110,js,304fc4f5,Ruben Melikyan,2025-01-31,21:09:47,-08:00,2025-01-31T21:09:47-08:00,5,37
global.js,111,js,304fc4f5,Ruben Melikyan,2025-01-31,21:09:47,-08:00,2025-01-31T21:09:47-08:00,5,67
global.js,112,js,e55d81d0,Ruben Melikyan,2025-02-07,16:21:28,-08:00,2025-02-07T16:21:28-08:00,5,24
global.js,113,js,e55d81d0,Ruben Melikyan,2025-02-07,16:21:28,-08:00,2025-02-07T16:21:28-08:00,7,19
global.js,114,js,e55d81d0,Ruben Melikyan,2025-02-07,16:21:28,-08:00,2025-02-07T16:21:28-08:00,7,5
global.js,115,js,e55d81d0,Ruben Melikyan,2025-02-07,16:21:28,-08:00,2025-02-07T16:21:28-08:00,5,4
global.js,116,js,304fc4f5,Ruben Melikyan,2025-01-31,21:09:47,-08:00,2025-01-31T21:09:47-08:00,3,0
global.js,117,js,e5169a72,Ruben Melikyan,2025-01-30,20:04:38,-08:00,2025-01-30T20:04:38-08:00,0,0
global.js,118,js,304fc4f5,Ruben Melikyan,2025-01-31,21:09:47,-08:00,2025-01-31T21:09:47-08:00,3,36
global.js,119,js,304fc4f5,Ruben Melikyan,2025-01-31,21:09:47,-08:00,2025-01-31T21:09:47-08:00,1,1
global.js,120,js,e5169a72,Ruben Melikyan,2025-01-30,20:04:38,-08:00,2025-01-30T20:04:38-08:00,0,0
global.js,121,js,e5169a72,Ruben Melikyan,2025-01-30,20:04:38,-08:00,2025-01-30T20:04:38-08:00,0,0
global.js,122,js,e55d81d0,Ruben Melikyan,2025-02-07,16:21:28,-08:00,2025-02-07T16:21:28-08:00,0,0
global.js,123,js,304fc4f5,Ruben Melikyan,2025-01-31,21:09:47,-08:00,2025-01-31T21:09:47-08:00,0,47
global.js,124,js,304fc4f5,Ruben Melikyan,2025-01-31,21:09:47,-08:00,2025-01-31T21:09:47-08:00,1,3
global.js,125,js,304fc4f5,Ruben Melikyan,2025-01-31,21:09:47,-08:00,2025-01-31T21:09:47-08:00,3,65
global.js,126,js,304fc4f5,Ruben Melikyan,2025-01-31,21:09:47,-08:00,2025-01-31T21:09:47-08:00,1,15
global.js,127,js,304fc4f5,Ruben Melikyan,2025-01-31,21:09:47,-08:00,2025-01-31T21:09:47-08:00,3,50
global.js,128,js,304fc4f5,Ruben Melikyan,2025-01-31,21:09:47,-08:00,2025-01-31T21:09:47-08:00,1,0
global.js,129,js,304fc4f5,Ruben Melikyan,2025-01-31,21:09:47,-08:00,2025-01-31T21:09:47-08:00,0,0
global.js,130,js,304fc4f5,Ruben Melikyan,2025-01-31,21:09:47,-08:00,2025-01-31T21:09:47-08:00,0,0
global.js,131,js,e5169a72,Ruben Melikyan,2025-01-30,20:04:38,-08:00,2025-01-30T20:04:38-08:00,0,57
global.js,132,js,304fc4f5,Ruben Melikyan,2025-01-31,21:09:47,-08:00,2025-01-31T21:09:47-08:00,1,53
global.js,133,js,304fc4f5,Ruben Melikyan,2025-01-31,21:09:47,-08:00,2025-01-31T21:09:47-08:00,1,60
global.js,134,js,304fc4f5,Ruben Melikyan,2025-01-31,21:09:47,-08:00,2025-01-31T21:09:47-08:00,0,0
global.js,135,js,304fc4f5,Ruben Melikyan,2025-01-31,21:09:47,-08:00,2025-01-31T21:09:47-08:00,1,31
global.js,136,js,304fc4f5,Ruben Melikyan,2025-01-31,21:09:47,-08:00,2025-01-31T21:09:47-08:00,3,24
global.js,137,js,304fc4f5,Ruben Melikyan,2025-01-31,21:09:47,-08:00,2025-01-31T21:09:47-08:00,5,19
global.js,138,js,304fc4f5,Ruben Melikyan,2025-01-31,21:09:47,-08:00,2025-01-31T21:09:47-08:00,5,2
global.js,139,js,304fc4f5,Ruben Melikyan,2025-01-31,21:09:47,-08:00,2025-01-31T21:09:47-08:00,6,55
global.js,140,js,304fc4f5,Ruben Melikyan,2025-01-31,21:09:47,-08:00,2025-01-31T21:09:47-08:00,6,55
global.js,141,js,304fc4f5,Ruben Melikyan,2025-01-31,21:09:47,-08:00,2025-01-31T21:09:47-08:00,6,49
global.js,142,js,304fc4f5,Ruben Melikyan,2025-01-31,21:09:47,-08:00,2025-01-31T21:09:47-08:00,6,49
global.js,143,js,304fc4f5,Ruben Melikyan,2025-01-31,21:09:47,-08:00,2025-01-31T21:09:47-08:00,5,3
global.js,144,js,304fc4f5,Ruben Melikyan,2025-01-31,21:09:47,-08:00,2025-01-31T21:09:47-08:00,3,0
global.js,145,js,304fc4f5,Ruben Melikyan,2025-01-31,21:09:47,-08:00,2025-01-31T21:09:47-08:00,1,0
global.js,146,js,c455d34f,Ruben Melikyan,2025-01-24,17:53:11,-08:00,2025-01-24T17:53:11-08:00,0,1
resume\index.html,1,html,b983c568,Ruben Melikyan,2025-01-10,14:40:11,-08:00,2025-01-10T14:40:11-08:00,0,13
resume\index.html,2,html,b983c568,Ruben Melikyan,2025-01-10,14:40:11,-08:00,2025-01-10T14:40:11-08:00,0,14
resume\index.html,3,html,b983c568,Ruben Melikyan,2025-01-10,14:40:11,-08:00,2025-01-10T14:40:11-08:00,0,4
resume\index.html,4,html,b983c568,Ruben Melikyan,2025-01-10,14:40:11,-08:00,2025-01-10T14:40:11-08:00,2,20
resume\index.html,5,html,b983c568,Ruben Melikyan,2025-01-10,14:40:11,-08:00,2025-01-10T14:40:11-08:00,2,68
resume\index.html,6,html,b983c568,Ruben Melikyan,2025-01-10,14:40:11,-08:00,2025-01-10T14:40:11-08:00,2,35
resume\index.html,7,html,e5169a72,Ruben Melikyan,2025-01-30,20:04:38,-08:00,2025-01-30T20:04:38-08:00,2,48
resume\index.html,8,html,b983c568,Ruben Melikyan,2025-01-10,14:40:11,-08:00,2025-01-10T14:40:11-08:00,2,41
resume\index.html,9,html,b983c568,Ruben Melikyan,2025-01-10,14:40:11,-08:00,2025-01-10T14:40:11-08:00,0,5
resume\index.html,10,html,e5169a72,Ruben Melikyan,2025-01-30,20:04:38,-08:00,2025-01-30T20:04:38-08:00,0,24
resume\index.html,11,html,e5169a72,Ruben Melikyan,2025-01-30,20:04:38,-08:00,2025-01-30T20:04:38-08:00,2,0
resume\index.html,12,html,e5169a72,Ruben Melikyan,2025-01-30,20:04:38,-08:00,2025-01-30T20:04:38-08:00,2,9
resume\index.html,13,html,e5169a72,Ruben Melikyan,2025-01-30,20:04:38,-08:00,2025-01-30T20:04:38-08:00,0,0
resume\index.html,14,html,78b345f9,Ruben Melikyan,2025-01-16,16:15:11,-08:00,2025-01-16T16:15:11-08:00,2,6
resume\index.html,15,html,78b345f9,Ruben Melikyan,2025-01-16,16:15:11,-08:00,2025-01-16T16:15:11-08:00,4,21
resume\index.html,16,html,78b345f9,Ruben Melikyan,2025-01-16,16:15:11,-08:00,2025-01-16T16:15:11-08:00,4,186
resume\index.html,17,html,78b345f9,Ruben Melikyan,2025-01-16,16:15:11,-08:00,2025-01-16T16:15:11-08:00,2,7
resume\index.html,18,html,e5169a72,Ruben Melikyan,2025-01-30,20:04:38,-08:00,2025-01-30T20:04:38-08:00,0,0
resume\index.html,19,html,78b345f9,Ruben Melikyan,2025-01-16,16:15:11,-08:00,2025-01-16T16:15:11-08:00,2,4
resume\index.html,20,html,78b345f9,Ruben Melikyan,2025-01-16,16:15:11,-08:00,2025-01-16T16:15:11-08:00,4,7
resume\index.html,21,html,78b345f9,Ruben Melikyan,2025-01-16,16:15:11,-08:00,2025-01-16T16:15:11-08:00,6,14
resume\index.html,22,html,78b345f9,Ruben Melikyan,2025-01-16,16:15:11,-08:00,2025-01-16T16:15:11-08:00,6,1
resume\index.html,23,html,78b345f9,Ruben Melikyan,2025-01-16,16:15:11,-08:00,2025-01-16T16:15:11-08:00,8,230
resume\index.html,24,html,78b345f9,Ruben Melikyan,2025-01-16,16:15:11,-08:00,2025-01-16T16:15:11-08:00,6,2
resume\index.html,25,html,78b345f9,Ruben Melikyan,2025-01-16,16:15:11,-08:00,2025-01-16T16:15:11-08:00,4,8
resume\index.html,26,html,b983c568,Ruben Melikyan,2025-01-10,14:40:11,-08:00,2025-01-10T14:40:11-08:00,0,0
resume\index.html,27,html,78b345f9,Ruben Melikyan,2025-01-16,16:15:11,-08:00,2025-01-16T16:15:11-08:00,4,7
resume\index.html,28,html,78b345f9,Ruben Melikyan,2025-01-16,16:15:11,-08:00,2025-01-16T16:15:11-08:00,6,16
resume\index.html,29,html,78b345f9,Ruben Melikyan,2025-01-16,16:15:11,-08:00,2025-01-16T16:15:11-08:00,6,7
resume\index.html,30,html,78b345f9,Ruben Melikyan,2025-01-16,16:15:11,-08:00,2025-01-16T16:15:11-08:00,8,42
resume\index.html,31,html,78b345f9,Ruben Melikyan,2025-01-16,16:15:11,-08:00,2025-01-16T16:15:11-08:00,8,60
resume\index.html,32,html,78b345f9,Ruben Melikyan,2025-01-16,16:15:11,-08:00,2025-01-16T16:15:11-08:00,8,21
resume\index.html,33,html,78b345f9,Ruben Melikyan,2025-01-16,16:15:11,-08:00,2025-01-16T16:15:11-08:00,8,24
resume\index.html,34,html,78b345f9,Ruben Melikyan,2025-01-16,16:15:11,-08:00,2025-01-16T16:15:11-08:00,8,114
resume\index.html,35,html,78b345f9,Ruben Melikyan,2025-01-16,16:15:11,-08:00,2025-01-16T16:15:11-08:00,6,8
resume\index.html,36,html,78b345f9,Ruben Melikyan,2025-01-16,16:15:11,-08:00,2025-01-16T16:15:11-08:00,4,8
resume\index.html,37,html,b983c568,Ruben Melikyan,2025-01-10,14:40:11,-08:00,2025-01-10T14:40:11-08:00,0,0
resume\index.html,38,html,78b345f9,Ruben Melikyan,2025-01-16,16:15:11,-08:00,2025-01-16T16:15:11-08:00,4,7
resume\index.html,39,html,78b345f9,Ruben Melikyan,2025-01-16,16:15:11,-08:00,2025-01-16T16:15:11-08:00,6,17
resume\index.html,40,html,78b345f9,Ruben Melikyan,2025-01-16,16:15:11,-08:00,2025-01-16T16:15:11-08:00,6,7
resume\index.html,41,html,78b345f9,Ruben Melikyan,2025-01-16,16:15:11,-08:00,2025-01-16T16:15:11-08:00,8,24
resume\index.html,42,html,78b345f9,Ruben Melikyan,2025-01-16,16:15:11,-08:00,2025-01-16T16:15:11-08:00,8,66
resume\index.html,43,html,78b345f9,Ruben Melikyan,2025-01-16,16:15:11,-08:00,2025-01-16T16:15:11-08:00,8,29
resume\index.html,44,html,78b345f9,Ruben Melikyan,2025-01-16,16:15:11,-08:00,2025-01-16T16:15:11-08:00,8,2
resume\index.html,45,html,78b345f9,Ruben Melikyan,2025-01-16,16:15:11,-08:00,2025-01-16T16:15:11-08:00,10,175
resume\index.html,46,html,78b345f9,Ruben Melikyan,2025-01-16,16:15:11,-08:00,2025-01-16T16:15:11-08:00,8,3
resume\index.html,47,html,78b345f9,Ruben Melikyan,2025-01-16,16:15:11,-08:00,2025-01-16T16:15:11-08:00,6,8
resume\index.html,48,html,78b345f9,Ruben Melikyan,2025-01-16,16:15:11,-08:00,2025-01-16T16:15:11-08:00,4,8
resume\index.html,49,html,b983c568,Ruben Melikyan,2025-01-10,14:40:11,-08:00,2025-01-10T14:40:11-08:00,0,0
resume\index.html,50,html,78b345f9,Ruben Melikyan,2025-01-16,16:15:11,-08:00,2025-01-16T16:15:11-08:00,4,7
resume\index.html,51,html,78b345f9,Ruben Melikyan,2025-01-16,16:15:11,-08:00,2025-01-16T16:15:11-08:00,6,27
resume\index.html,52,html,b983c568,Ruben Melikyan,2025-01-10,14:40:11,-08:00,2025-01-10T14:40:11-08:00,6,2
resume\index.html,53,html,78b345f9,Ruben Melikyan,2025-01-16,16:15:11,-08:00,2025-01-16T16:15:11-08:00,8,88
resume\index.html,54,html,78b345f9,Ruben Melikyan,2025-01-16,16:15:11,-08:00,2025-01-16T16:15:11-08:00,8,124
resume\index.html,55,html,78b345f9,Ruben Melikyan,2025-01-16,16:15:11,-08:00,2025-01-16T16:15:11-08:00,8,110
resume\index.html,56,html,b983c568,Ruben Melikyan,2025-01-10,14:40:11,-08:00,2025-01-10T14:40:11-08:00,6,3
resume\index.html,57,html,78b345f9,Ruben Melikyan,2025-01-16,16:15:11,-08:00,2025-01-16T16:15:11-08:00,4,8
resume\index.html,58,html,78b345f9,Ruben Melikyan,2025-01-16,16:15:11,-08:00,2025-01-16T16:15:11-08:00,2,5
resume\index.html,59,html,73e34446,Ruben Melikyan,2025-01-24,17:49:59,-08:00,2025-01-24T17:49:59-08:00,0,0
resume\index.html,60,html,b983c568,Ruben Melikyan,2025-01-10,14:40:11,-08:00,2025-01-10T14:40:11-08:00,0,5
resume\index.html,61,html,b983c568,Ruben Melikyan,2025-01-10,14:40:11,-08:00,2025-01-10T14:40:11-08:00,0,5
projects\projects.js,1,js,e5169a72,Ruben Melikyan,2025-01-30,20:04:38,-08:00,2025-01-30T20:04:38-08:00,0,55
projects\projects.js,2,js,e55d81d0,Ruben Melikyan,2025-02-07,16:21:28,-08:00,2025-02-07T16:21:28-08:00,0,63
projects\projects.js,3,js,e55d81d0,Ruben Melikyan,2025-02-07,16:21:28,-08:00,2025-02-07T16:21:28-08:00,0,0
projects\projects.js,4,js,e55d81d0,Ruben Melikyan,2025-02-07,16:21:28,-08:00,2025-02-07T16:21:28-08:00,0,13
projects\projects.js,5,js,e55d81d0,Ruben Melikyan,2025-02-07,16:21:28,-08:00,2025-02-07T16:21:28-08:00,0,21
projects\projects.js,6,js,e5169a72,Ruben Melikyan,2025-01-30,20:04:38,-08:00,2025-01-30T20:04:38-08:00,0,0
projects\projects.js,7,js,e5169a72,Ruben Melikyan,2025-01-30,20:04:38,-08:00,2025-01-30T20:04:38-08:00,0,57
projects\projects.js,8,js,e5169a72,Ruben Melikyan,2025-01-30,20:04:38,-08:00,2025-01-30T20:04:38-08:00,2,60
projects\projects.js,9,js,e5169a72,Ruben Melikyan,2025-01-30,20:04:38,-08:00,2025-01-30T20:04:38-08:00,2,62
projects\projects.js,10,js,e55d81d0,Ruben Melikyan,2025-02-07,16:21:28,-08:00,2025-02-07T16:21:28-08:00,2,69
projects\projects.js,11,js,e55d81d0,Ruben Melikyan,2025-02-07,16:21:28,-08:00,2025-02-07T16:21:28-08:00,2,56
projects\projects.js,12,js,e55d81d0,Ruben Melikyan,2025-02-07,16:21:28,-08:00,2025-02-07T16:21:28-08:00,2,55
projects\projects.js,13,js,e5169a72,Ruben Melikyan,2025-01-30,20:04:38,-08:00,2025-01-30T20:04:38-08:00,0,0
projects\projects.js,14,js,e55d81d0,Ruben Melikyan,2025-02-07,16:21:28,-08:00,2025-02-07T16:21:28-08:00,2,99
projects\projects.js,15,js,e55d81d0,Ruben Melikyan,2025-02-07,16:21:28,-08:00,2025-02-07T16:21:28-08:00,4,57
projects\projects.js,16,js,e5169a72,Ruben Melikyan,2025-01-30,20:04:38,-08:00,2025-01-30T20:04:38-08:00,4,5
projects\projects.js,17,js,e5169a72,Ruben Melikyan,2025-01-30,20:04:38,-08:00,2025-01-30T20:04:38-08:00,2,0
projects\projects.js,18,js,e5169a72,Ruben Melikyan,2025-01-30,20:04:38,-08:00,2025-01-30T20:04:38-08:00,0,0
projects\projects.js,19,js,e5169a72,Ruben Melikyan,2025-01-30,20:04:38,-08:00,2025-01-30T20:04:38-08:00,2,55
projects\projects.js,20,js,e5169a72,Ruben Melikyan,2025-01-30,20:04:38,-08:00,2025-01-30T20:04:38-08:00,0,0
projects\projects.js,21,js,e5169a72,Ruben Melikyan,2025-01-30,20:04:38,-08:00,2025-01-30T20:04:38-08:00,2,36
projects\projects.js,22,js,e5169a72,Ruben Melikyan,2025-01-30,20:04:38,-08:00,2025-01-30T20:04:38-08:00,4,42
projects\projects.js,23,js,e55d81d0,Ruben Melikyan,2025-02-07,16:21:28,-08:00,2025-02-07T16:21:28-08:00,4,56
projects\projects.js,24,js,e55d81d0,Ruben Melikyan,2025-02-07,16:21:28,-08:00,2025-02-07T16:21:28-08:00,4,23
projects\projects.js,25,js,e5169a72,Ruben Melikyan,2025-01-30,20:04:38,-08:00,2025-01-30T20:04:38-08:00,2,6
projects\projects.js,26,js,e55d81d0,Ruben Melikyan,2025-02-07,16:21:28,-08:00,2025-02-07T16:21:28-08:00,4,39
projects\projects.js,27,js,e5169a72,Ruben Melikyan,2025-01-30,20:04:38,-08:00,2025-01-30T20:04:38-08:00,4,56
projects\projects.js,28,js,e55d81d0,Ruben Melikyan,2025-02-07,16:21:28,-08:00,2025-02-07T16:21:28-08:00,4,5
projects\projects.js,29,js,e5169a72,Ruben Melikyan,2025-01-30,20:04:38,-08:00,2025-01-30T20:04:38-08:00,2,0
projects\projects.js,30,js,e55d81d0,Ruben Melikyan,2025-02-07,16:21:28,-08:00,2025-02-07T16:21:28-08:00,0,0
projects\projects.js,31,js,e55d81d0,Ruben Melikyan,2025-02-07,16:21:28,-08:00,2025-02-07T16:21:28-08:00,2,38
projects\projects.js,32,js,e55d81d0,Ruben Melikyan,2025-02-07,16:21:28,-08:00,2025-02-07T16:21:28-08:00,4,57
projects\projects.js,33,js,e55d81d0,Ruben Melikyan,2025-02-07,16:21:28,-08:00,2025-02-07T16:21:28-08:00,4,44
projects\projects.js,34,js,e55d81d0,Ruben Melikyan,2025-02-07,16:21:28,-08:00,2025-02-07T16:21:28-08:00,0,0
projects\projects.js,35,js,e55d81d0,Ruben Melikyan,2025-02-07,16:21:28,-08:00,2025-02-07T16:21:28-08:00,4,26
projects\projects.js,36,js,e55d81d0,Ruben Melikyan,2025-02-07,16:21:28,-08:00,2025-02-07T16:21:28-08:00,6,12
projects\projects.js,37,js,e55d81d0,Ruben Melikyan,2025-02-07,16:21:28,-08:00,2025-02-07T16:21:28-08:00,6,14
projects\projects.js,38,js,e55d81d0,Ruben Melikyan,2025-02-07,16:21:28,-08:00,2025-02-07T16:21:28-08:00,6,11
projects\projects.js,39,js,e55d81d0,Ruben Melikyan,2025-02-07,16:21:28,-08:00,2025-02-07T16:21:28-08:00,4,0
projects\projects.js,40,js,e55d81d0,Ruben Melikyan,2025-02-07,16:21:28,-08:00,2025-02-07T16:21:28-08:00,0,0
projects\projects.js,41,js,e55d81d0,Ruben Melikyan,2025-02-07,16:21:28,-08:00,2025-02-07T16:21:28-08:00,4,45
projects\projects.js,42,js,e55d81d0,Ruben Melikyan,2025-02-07,16:21:28,-08:00,2025-02-07T16:21:28-08:00,6,11
projects\projects.js,43,js,e55d81d0,Ruben Melikyan,2025-02-07,16:21:28,-08:00,2025-02-07T16:21:28-08:00,6,20
projects\projects.js,44,js,e55d81d0,Ruben Melikyan,2025-02-07,16:21:28,-08:00,2025-02-07T16:21:28-08:00,4,2
projects\projects.js,45,js,e55d81d0,Ruben Melikyan,2025-02-07,16:21:28,-08:00,2025-02-07T16:21:28-08:00,0,0
projects\projects.js,46,js,e55d81d0,Ruben Melikyan,2025-02-07,16:21:28,-08:00,2025-02-07T16:21:28-08:00,4,48
projects\projects.js,47,js,e55d81d0,Ruben Melikyan,2025-02-07,16:21:28,-08:00,2025-02-07T16:21:28-08:00,4,33
projects\projects.js,48,js,e55d81d0,Ruben Melikyan,2025-02-07,16:21:28,-08:00,2025-02-07T16:21:28-08:00,0,0
projects\projects.js,49,js,e55d81d0,Ruben Melikyan,2025-02-07,16:21:28,-08:00,2025-02-07T16:21:28-08:00,4,57
projects\projects.js,50,js,e55d81d0,Ruben Melikyan,2025-02-07,16:21:28,-08:00,2025-02-07T16:21:28-08:00,4,47
projects\projects.js,51,js,e55d81d0,Ruben Melikyan,2025-02-07,16:21:28,-08:00,2025-02-07T16:21:28-08:00,0,0
projects\projects.js,52,js,e55d81d0,Ruben Melikyan,2025-02-07,16:21:28,-08:00,2025-02-07T16:21:28-08:00,4,40
projects\projects.js,53,js,e55d81d0,Ruben Melikyan,2025-02-07,16:21:28,-08:00,2025-02-07T16:21:28-08:00,0,0
projects\projects.js,54,js,e55d81d0,Ruben Melikyan,2025-02-07,16:21:28,-08:00,2025-02-07T16:21:28-08:00,4,19
projects\projects.js,55,js,e55d81d0,Ruben Melikyan,2025-02-07,16:21:28,-08:00,2025-02-07T16:21:28-08:00,6,12
projects\projects.js,56,js,e55d81d0,Ruben Melikyan,2025-02-07,16:21:28,-08:00,2025-02-07T16:21:28-08:00,6,6
projects\projects.js,57,js,e55d81d0,Ruben Melikyan,2025-02-07,16:21:28,-08:00,2025-02-07T16:21:28-08:00,6,13
projects\projects.js,58,js,e55d81d0,Ruben Melikyan,2025-02-07,16:21:28,-08:00,2025-02-07T16:21:28-08:00,6,22
projects\projects.js,59,js,e55d81d0,Ruben Melikyan,2025-02-07,16:21:28,-08:00,2025-02-07T16:21:28-08:00,6,36
projects\projects.js,60,js,e55d81d0,Ruben Melikyan,2025-02-07,16:21:28,-08:00,2025-02-07T16:21:28-08:00,6,67
projects\projects.js,61,js,e55d81d0,Ruben Melikyan,2025-02-07,16:21:28,-08:00,2025-02-07T16:21:28-08:00,6,28
projects\projects.js,62,js,e55d81d0,Ruben Melikyan,2025-02-07,16:21:28,-08:00,2025-02-07T16:21:28-08:00,8,29
projects\projects.js,63,js,e55d81d0,Ruben Melikyan,2025-02-07,16:21:28,-08:00,2025-02-07T16:21:28-08:00,6,0
projects\projects.js,64,js,e55d81d0,Ruben Melikyan,2025-02-07,16:21:28,-08:00,2025-02-07T16:21:28-08:00,6,27
projects\projects.js,65,js,e55d81d0,Ruben Melikyan,2025-02-07,16:21:28,-08:00,2025-02-07T16:21:28-08:00,8,30
projects\projects.js,66,js,e55d81d0,Ruben Melikyan,2025-02-07,16:21:28,-08:00,2025-02-07T16:21:28-08:00,6,0
projects\projects.js,67,js,e55d81d0,Ruben Melikyan,2025-02-07,16:21:28,-08:00,2025-02-07T16:21:28-08:00,6,30
projects\projects.js,68,js,e55d81d0,Ruben Melikyan,2025-02-07,16:21:28,-08:00,2025-02-07T16:21:28-08:00,8,47
projects\projects.js,69,js,e55d81d0,Ruben Melikyan,2025-02-07,16:21:28,-08:00,2025-02-07T16:21:28-08:00,8,27
projects\projects.js,70,js,e55d81d0,Ruben Melikyan,2025-02-07,16:21:28,-08:00,2025-02-07T16:21:28-08:00,6,1
projects\projects.js,71,js,e55d81d0,Ruben Melikyan,2025-02-07,16:21:28,-08:00,2025-02-07T16:21:28-08:00,0,0
projects\projects.js,72,js,e55d81d0,Ruben Melikyan,2025-02-07,16:21:28,-08:00,2025-02-07T16:21:28-08:00,4,32
projects\projects.js,73,js,e55d81d0,Ruben Melikyan,2025-02-07,16:21:28,-08:00,2025-02-07T16:21:28-08:00,0,0
projects\projects.js,74,js,e55d81d0,Ruben Melikyan,2025-02-07,16:21:28,-08:00,2025-02-07T16:21:28-08:00,4,20
projects\projects.js,75,js,e55d81d0,Ruben Melikyan,2025-02-07,16:21:28,-08:00,2025-02-07T16:21:28-08:00,6,9
projects\projects.js,76,js,e55d81d0,Ruben Melikyan,2025-02-07,16:21:28,-08:00,2025-02-07T16:21:28-08:00,6,6
projects\projects.js,77,js,e55d81d0,Ruben Melikyan,2025-02-07,16:21:28,-08:00,2025-02-07T16:21:28-08:00,6,11
projects\projects.js,78,js,e55d81d0,Ruben Melikyan,2025-02-07,16:21:28,-08:00,2025-02-07T16:21:28-08:00,6,50
projects\projects.js,79,js,e55d81d0,Ruben Melikyan,2025-02-07,16:21:28,-08:00,2025-02-07T16:21:28-08:00,6,67
projects\projects.js,80,js,e55d81d0,Ruben Melikyan,2025-02-07,16:21:28,-08:00,2025-02-07T16:21:28-08:00,6,73
projects\projects.js,81,js,e55d81d0,Ruben Melikyan,2025-02-07,16:21:28,-08:00,2025-02-07T16:21:28-08:00,6,30
projects\projects.js,82,js,e55d81d0,Ruben Melikyan,2025-02-07,16:21:28,-08:00,2025-02-07T16:21:28-08:00,8,47
projects\projects.js,83,js,e55d81d0,Ruben Melikyan,2025-02-07,16:21:28,-08:00,2025-02-07T16:21:28-08:00,8,27
projects\projects.js,84,js,e55d81d0,Ruben Melikyan,2025-02-07,16:21:28,-08:00,2025-02-07T16:21:28-08:00,6,1
projects\projects.js,85,js,e55d81d0,Ruben Melikyan,2025-02-07,16:21:28,-08:00,2025-02-07T16:21:28-08:00,2,0
projects\projects.js,86,js,e55d81d0,Ruben Melikyan,2025-02-07,16:21:28,-08:00,2025-02-07T16:21:28-08:00,0,0
projects\projects.js,87,js,e55d81d0,Ruben Melikyan,2025-02-07,16:21:28,-08:00,2025-02-07T16:21:28-08:00,2,37
projects\projects.js,88,js,797a456f,Ruben Melikyan,2025-02-08,17:29:17,-08:00,2025-02-08T17:29:17-08:00,4,51
projects\projects.js,89,js,797a456f,Ruben Melikyan,2025-02-08,17:29:17,-08:00,2025-02-08T17:29:17-08:00,6,59
projects\projects.js,90,js,797a456f,Ruben Melikyan,2025-02-08,17:29:17,-08:00,2025-02-08T17:29:17-08:00,6,42
projects\projects.js,91,js,797a456f,Ruben Melikyan,2025-02-08,17:29:17,-08:00,2025-02-08T17:29:17-08:00,4,1
projects\projects.js,92,js,e55d81d0,Ruben Melikyan,2025-02-07,16:21:28,-08:00,2025-02-07T16:21:28-08:00,0,0
projects\projects.js,93,js,797a456f,Ruben Melikyan,2025-02-08,17:29:17,-08:00,2025-02-08T17:29:17-08:00,4,25
projects\projects.js,94,js,e55d81d0,Ruben Melikyan,2025-02-07,16:21:28,-08:00,2025-02-07T16:21:28-08:00,6,43
projects\projects.js,95,js,797a456f,Ruben Melikyan,2025-02-08,17:29:17,-08:00,2025-02-08T17:29:17-08:00,6,105
projects\projects.js,96,js,e55d81d0,Ruben Melikyan,2025-02-07,16:21:28,-08:00,2025-02-07T16:21:28-08:00,4,0
projects\projects.js,97,js,e55d81d0,Ruben Melikyan,2025-02-07,16:21:28,-08:00,2025-02-07T16:21:28-08:00,0,0
projects\projects.js,98,js,797a456f,Ruben Melikyan,2025-02-08,17:29:17,-08:00,2025-02-08T17:29:17-08:00,4,56
projects\projects.js,99,js,797a456f,Ruben Melikyan,2025-02-08,17:29:17,-08:00,2025-02-08T17:29:17-08:00,4,31
projects\projects.js,100,js,e55d81d0,Ruben Melikyan,2025-02-07,16:21:28,-08:00,2025-02-07T16:21:28-08:00,2,0
projects\projects.js,101,js,e55d81d0,Ruben Melikyan,2025-02-07,16:21:28,-08:00,2025-02-07T16:21:28-08:00,0,0
projects\projects.js,102,js,e55d81d0,Ruben Melikyan,2025-02-07,16:21:28,-08:00,2025-02-07T16:21:28-08:00,2,48
projects\projects.js,103,js,e55d81d0,Ruben Melikyan,2025-02-07,16:21:28,-08:00,2025-02-07T16:21:28-08:00,4,39
projects\projects.js,104,js,e55d81d0,Ruben Melikyan,2025-02-07,16:21:28,-08:00,2025-02-07T16:21:28-08:00,4,121
projects\projects.js,105,js,e55d81d0,Ruben Melikyan,2025-02-07,16:21:28,-08:00,2025-02-07T16:21:28-08:00,2,1
projects\projects.js,106,js,e5169a72,Ruben Melikyan,2025-01-30,20:04:38,-08:00,2025-01-30T20:04:38-08:00,0,1
projects\index.html,1,html,ba98c99a,Ruben Melikyan,2025-01-10,14:17:39,-08:00,2025-01-10T14:17:39-08:00,0,13
projects\index.html,2,html,ba98c99a,Ruben Melikyan,2025-01-10,14:17:39,-08:00,2025-01-10T14:17:39-08:00,0,14
projects\index.html,3,html,ba98c99a,Ruben Melikyan,2025-01-10,14:17:39,-08:00,2025-01-10T14:17:39-08:00,0,4
projects\index.html,4,html,e5169a72,Ruben Melikyan,2025-01-30,20:04:38,-08:00,2025-01-30T20:04:38-08:00,2,20
projects\index.html,5,html,e5169a72,Ruben Melikyan,2025-01-30,20:04:38,-08:00,2025-01-30T20:04:38-08:00,2,68
projects\index.html,6,html,e5169a72,Ruben Melikyan,2025-01-30,20:04:38,-08:00,2025-01-30T20:04:38-08:00,2,21
projects\index.html,7,html,e5169a72,Ruben Melikyan,2025-01-30,20:04:38,-08:00,2025-01-30T20:04:38-08:00,2,48
projects\index.html,8,html,d35498f5,Ruben Melikyan,2025-01-31,21:14:21,-08:00,2025-01-31T21:14:21-08:00,2,49
projects\index.html,9,html,e5169a72,Ruben Melikyan,2025-01-30,20:04:38,-08:00,2025-01-30T20:04:38-08:00,2,41
projects\index.html,10,html,ba98c99a,Ruben Melikyan,2025-01-10,14:17:39,-08:00,2025-01-10T14:17:39-08:00,0,5
projects\index.html,11,html,e5169a72,Ruben Melikyan,2025-01-30,20:04:38,-08:00,2025-01-30T20:04:38-08:00,0,26
projects\index.html,12,html,e5169a72,Ruben Melikyan,2025-01-30,20:04:38,-08:00,2025-01-30T20:04:38-08:00,0,0
projects\index.html,13,html,e5169a72,Ruben Melikyan,2025-01-30,20:04:38,-08:00,2025-01-30T20:04:38-08:00,2,9
projects\index.html,14,html,e5169a72,Ruben Melikyan,2025-01-30,20:04:38,-08:00,2025-01-30T20:04:38-08:00,0,0
projects\index.html,15,html,e5169a72,Ruben Melikyan,2025-01-30,20:04:38,-08:00,2025-01-30T20:04:38-08:00,2,6
projects\index.html,16,html,e5169a72,Ruben Melikyan,2025-01-30,20:04:38,-08:00,2025-01-30T20:04:38-08:00,4,38
projects\index.html,17,html,e5169a72,Ruben Melikyan,2025-01-30,20:04:38,-08:00,2025-01-30T20:04:38-08:00,2,7
projects\index.html,18,html,e5169a72,Ruben Melikyan,2025-01-30,20:04:38,-08:00,2025-01-30T20:04:38-08:00,0,0
projects\index.html,19,html,e55d81d0,Ruben Melikyan,2025-02-07,16:21:28,-08:00,2025-02-07T16:21:28-08:00,2,100
projects\index.html,20,html,e55d81d0,Ruben Melikyan,2025-02-07,16:21:28,-08:00,2025-02-07T16:21:28-08:00,0,0
projects\index.html,21,html,e55d81d0,Ruben Melikyan,2025-02-07,16:21:28,-08:00,2025-02-07T16:21:28-08:00,2,27
projects\index.html,22,html,e55d81d0,Ruben Melikyan,2025-02-07,16:21:28,-08:00,2025-02-07T16:21:28-08:00,4,58
projects\index.html,23,html,e55d81d0,Ruben Melikyan,2025-02-07,16:21:28,-08:00,2025-02-07T16:21:28-08:00,4,22
projects\index.html,24,html,e55d81d0,Ruben Melikyan,2025-02-07,16:21:28,-08:00,2025-02-07T16:21:28-08:00,2,4
projects\index.html,25,html,e55d81d0,Ruben Melikyan,2025-02-07,16:21:28,-08:00,2025-02-07T16:21:28-08:00,0,0
projects\index.html,26,html,e5169a72,Ruben Melikyan,2025-01-30,20:04:38,-08:00,2025-01-30T20:04:38-08:00,2,26
projects\index.html,27,html,e5169a72,Ruben Melikyan,2025-01-30,20:04:38,-08:00,2025-01-30T20:04:38-08:00,0,0
projects\index.html,28,html,ba98c99a,Ruben Melikyan,2025-01-10,14:17:39,-08:00,2025-01-10T14:17:39-08:00,0,5
projects\index.html,29,html,ba98c99a,Ruben Melikyan,2025-01-10,14:17:39,-08:00,2025-01-10T14:17:39-08:00,0,5
contact\index.html,1,html,ba98c99a,Ruben Melikyan,2025-01-10,14:17:39,-08:00,2025-01-10T14:17:39-08:00,0,13
contact\index.html,2,html,ba98c99a,Ruben Melikyan,2025-01-10,14:17:39,-08:00,2025-01-10T14:17:39-08:00,0,14
contact\index.html,3,html,ba98c99a,Ruben Melikyan,2025-01-10,14:17:39,-08:00,2025-01-10T14:17:39-08:00,0,4
contact\index.html,4,html,ba98c99a,Ruben Melikyan,2025-01-10,14:17:39,-08:00,2025-01-10T14:17:39-08:00,2,20
contact\index.html,5,html,ba98c99a,Ruben Melikyan,2025-01-10,14:17:39,-08:00,2025-01-10T14:17:39-08:00,2,68
contact\index.html,6,html,85d0a4df,Ruben Melikyan,2025-01-24,16:56:08,-08:00,2025-01-24T16:56:08-08:00,2,36
contact\index.html,7,html,e5169a72,Ruben Melikyan,2025-01-30,20:04:38,-08:00,2025-01-30T20:04:38-08:00,2,48
contact\index.html,8,html,ba98c99a,Ruben Melikyan,2025-01-10,14:17:39,-08:00,2025-01-10T14:17:39-08:00,2,41
contact\index.html,9,html,ba98c99a,Ruben Melikyan,2025-01-10,14:17:39,-08:00,2025-01-10T14:17:39-08:00,0,5
contact\index.html,10,html,e5169a72,Ruben Melikyan,2025-01-30,20:04:38,-08:00,2025-01-30T20:04:38-08:00,0,25
contact\index.html,11,html,e5169a72,Ruben Melikyan,2025-01-30,20:04:38,-08:00,2025-01-30T20:04:38-08:00,2,0
contact\index.html,12,html,e5169a72,Ruben Melikyan,2025-01-30,20:04:38,-08:00,2025-01-30T20:04:38-08:00,2,9
contact\index.html,13,html,e5169a72,Ruben Melikyan,2025-01-30,20:04:38,-08:00,2025-01-30T20:04:38-08:00,0,0
contact\index.html,14,html,ba98c99a,Ruben Melikyan,2025-01-10,14:17:39,-08:00,2025-01-10T14:17:39-08:00,2,14
contact\index.html,15,html,24e44e12,Ruben Melikyan,2025-01-10,14:31:26,-08:00,2025-01-10T14:31:26-08:00,2,116
contact\index.html,16,html,e5169a72,Ruben Melikyan,2025-01-30,20:04:38,-08:00,2025-01-30T20:04:38-08:00,0,0
contact\index.html,17,html,24e44e12,Ruben Melikyan,2025-01-10,14:31:26,-08:00,2025-01-10T14:31:26-08:00,2,76
contact\index.html,18,html,78b345f9,Ruben Melikyan,2025-01-16,16:15:11,-08:00,2025-01-16T16:15:11-08:00,4,36
contact\index.html,19,html,78b345f9,Ruben Melikyan,2025-01-16,16:15:11,-08:00,2025-01-16T16:15:11-08:00,4,82
contact\index.html,20,html,e5169a72,Ruben Melikyan,2025-01-30,20:04:38,-08:00,2025-01-30T20:04:38-08:00,0,0
contact\index.html,21,html,78b345f9,Ruben Melikyan,2025-01-16,16:15:11,-08:00,2025-01-16T16:15:11-08:00,4,35
contact\index.html,22,html,78b345f9,Ruben Melikyan,2025-01-16,16:15:11,-08:00,2025-01-16T16:15:11-08:00,4,86
contact\index.html,23,html,e5169a72,Ruben Melikyan,2025-01-30,20:04:38,-08:00,2025-01-30T20:04:38-08:00,0,0
contact\index.html,24,html,78b345f9,Ruben Melikyan,2025-01-16,16:15:11,-08:00,2025-01-16T16:15:11-08:00,4,32
contact\index.html,25,html,78b345f9,Ruben Melikyan,2025-01-16,16:15:11,-08:00,2025-01-16T16:15:11-08:00,4,92
contact\index.html,26,html,e5169a72,Ruben Melikyan,2025-01-30,20:04:38,-08:00,2025-01-30T20:04:38-08:00,0,0
contact\index.html,27,html,78b345f9,Ruben Melikyan,2025-01-16,16:15:11,-08:00,2025-01-16T16:15:11-08:00,4,35
contact\index.html,28,html,24e44e12,Ruben Melikyan,2025-01-10,14:31:26,-08:00,2025-01-10T14:31:26-08:00,2,5
contact\index.html,29,html,73e34446,Ruben Melikyan,2025-01-24,17:49:59,-08:00,2025-01-24T17:49:59-08:00,0,0
contact\index.html,30,html,ba98c99a,Ruben Melikyan,2025-01-10,14:17:39,-08:00,2025-01-10T14:17:39-08:00,0,5
contact\index.html,31,html,ba98c99a,Ruben Melikyan,2025-01-10,14:17:39,-08:00,2025-01-10T14:17:39-08:00,0,5
